Cliente,Probabilidade de nÃ£o pagar as prÃ³ximas faturas
1052,0.911385750614637
594,0.9004724113967709
263,0.883390884553696
2620,0.8829515152676285
1453,0.8792763601198644
798,0.8619867028552833
2294,0.8614840377938706
1142,0.859320338112132
318,0.8580673435465541
1749,0.8572075662812504
47,0.8549506860186205
538,0.8543119987461826
1069,0.8530901190233454
2225,0.8511108819463092
2556,0.8510697578069852
1818,0.8487862623140339
2139,0.8484425599987295
2174,0.8471029523621044
842,0.8453079768052071
2577,0.8451334380891069
2214,0.8448327196775133
1110,0.8427559472466922
1888,0.8415476910791987
587,0.8409751534866231
618,0.839107724469283
354,0.8387955706566286
2259,0.83827328228899
333,0.8381109347292466
2258,0.8373918971300378
1202,0.836960654839648
1504,0.8369442490873045
2601,0.8363356506472867
2614,0.833978379358351
814,0.8338201407981702
1103,0.8325666471305286
958,0.8321593724780961
2423,0.8305244124067157
2602,0.8304273372204704
2495,0.8304186190714926
957,0.8297726340642646
2196,0.8297144283585807
2321,0.8293944600251156
1617,0.8293213909725174
2199,0.8282171084208196
562,0.827567433810718
1981,0.8271015166965731
2351,0.8258353627288514
1729,0.8258136535326062
1946,0.8256766608692259
112,0.8256754278226867
852,0.8253405140088783
2405,0.8249477247719182
2061,0.824652338177087
1300,0.8246237703933343
2166,0.8244346464045981
45,0.8230652997800895
266,0.8227979682754766
2383,0.8226684170845814
649,0.8222389617768622
2541,0.8213898744985946
2040,0.8208490989379993
1213,0.8183860209908262
2356,0.8176667830599215
39,0.8175077580993274
403,0.8173864643503821
937,0.8157595023125451
17,0.8153425217717715
298,0.8151535138334766
865,0.8151246116282779
2096,0.8141605884344246
1542,0.8140827166994999
1745,0.8133722771371755
2354,0.8132510912163318
2481,0.8130456622091382
1372,0.8130301964367174
997,0.8128277884163092
1382,0.8127468445643503
872,0.8125860590981108
1466,0.8124877531911778
108,0.8123738326017115
2484,0.8121755372177839
2478,0.8113354005764136
1402,0.8108837081526541
2567,0.8108708071896897
911,0.8101947631263059
843,0.8091946366276082
305,0.80882625596033
1702,0.8086033872286242
2508,0.8084975299186757
1815,0.8081569640153905
1987,0.8074989066291832
1908,0.8073688798977338
1270,0.8072765309383975
462,0.807194634173781
1675,0.8071869865636758
449,0.8071082746219309
821,0.8065191060270338
671,0.8064054600739183
1212,0.8049877872859289
190,0.8046961693790192
816,0.8045442986646852
1458,0.8033006603005878
636,0.8029906703222573
244,0.8024215783511358
1521,0.8020963749787168
785,0.8017423222164759
2411,0.8016025813381988
583,0.8013929524171401
1891,0.8011270636939561
545,0.8011224219894013
577,0.8009362087029289
1875,0.80059478058391
1600,0.8004960599801788
338,0.8004356423586343
2342,0.8000087170007477
106,0.8000043498463432
2018,0.7998470813192441
282,0.799319174319621
1837,0.7990790808717989
2455,0.7989896896673665
2084,0.7982303571082185
588,0.7978773506296741
733,0.797612595729466
2448,0.797069054255597
973,0.7970420685089588
907,0.7969388012559986
2016,0.7967878245589473
2291,0.7967182035003637
1269,0.7966972154195171
2628,0.7965017176946976
2041,0.7962893928521855
2352,0.7956388335006492
2538,0.7955119750853049
2333,0.7953212016313269
625,0.7951691066086849
65,0.7950804975830644
418,0.7943673081927405
1678,0.7943414071230728
2666,0.7942425980151321
2471,0.7941126205957387
815,0.7937913385862505
531,0.7935100092431455
1438,0.793022187425581
2388,0.7928577047343789
766,0.7923631860832759
2113,0.7918580980736243
2346,0.7918058132962632
711,0.7917181214558802
2606,0.7915400765807636
1778,0.7914724485321277
948,0.7914546755910549
1400,0.791250067947615
1810,0.7911239505736014
1182,0.7910966476665606
1043,0.7909545957853834
376,0.790720295321794
1944,0.7905946034869783
2201,0.7905873040003011
528,0.7903905482571947
1807,0.7903625279229557
1621,0.7902783711959462
1423,0.7901305392010977
1123,0.7899320775251363
771,0.7899052050155209
371,0.789849883695759
1368,0.7892866169216854
717,0.7888033535544504
2518,0.7885098727154625
2615,0.7881695135771613
1640,0.7878547148187864
281,0.787781038362658
2588,0.7876348139231216
140,0.787533533706515
1315,0.7873693674252049
414,0.7872903077748957
825,0.7870569796358972
79,0.7865945657427956
1442,0.7865289793793625
378,0.7864244550029721
1276,0.7864092472546833
702,0.7860428989864162
260,0.7859948074528591
1166,0.7859846695812551
1301,0.7859374433509919
1288,0.785908030454468
1410,0.7857949802332599
157,0.7856352591405599
748,0.7855028534162756
1278,0.785448225299828
304,0.7854255365267008
1332,0.7853553147172573
1184,0.785230148776316
2721,0.7850417968162503
450,0.7849874775697743
1751,0.7849759540974834
1761,0.7845397429459767
1309,0.7845242096804403
109,0.784428245806866
1046,0.7836639638841449
886,0.7832795029187053
1232,0.7832369870736211
1707,0.7829500904789272
1551,0.7828862809674358
1083,0.782809123237348
139,0.7824965894029876
1994,0.7823399880741028
913,0.7823133253451977
2063,0.7821750050235964
2632,0.7820516661970102
1791,0.781986261833817
2571,0.7819667798914346
1714,0.781888159032005
395,0.7817675527906895
2316,0.7816851858804285
2083,0.7816809468471584
1922,0.7815171679896691
1070,0.7814053252263079
483,0.7812770283635265
2469,0.7812753466198152
593,0.7812539009199477
1381,0.7811815463943952
1404,0.7810840190759644
453,0.7810822361683997
2143,0.7808952912603505
1792,0.780796954108769
2310,0.7807881152818421
1495,0.7807473606026694
1716,0.780682717064434
2446,0.780582456594217
1131,0.7805546974781072
1061,0.7805147471786809
2273,0.7804784777818191
1976,0.7802781012144637
2507,0.7800005297845753
1731,0.7798419212485548
185,0.7798201776904743
539,0.7795462005886399
1693,0.7792066692373996
2344,0.7790461748090388
37,0.7784855482659435
422,0.7783671825651312
1145,0.7778956251520179
210,0.7778683165528237
310,0.7778370537947207
2331,0.7778213651396293
1867,0.7778147494019041
722,0.777811359334695
2078,0.7778096163750408
933,0.7777691500729403
2112,0.7774722437952768
286,0.7773877235074313
919,0.7773269739858909
2190,0.7770981990408317
2309,0.77709495711573
1653,0.7770229890662819
1487,0.7769852802661684
2385,0.7767181083502749
2188,0.7764872962623579
1340,0.7764352843282453
2635,0.776296099074556
739,0.7762202330144364
1355,0.7760504123841078
1754,0.7758890094731526
1037,0.7758016672641416
2017,0.7757621167456296
2660,0.7757231964390052
1860,0.7756928815293777
1449,0.7756481252543479
1957,0.7755407925861846
777,0.7754976313951635
515,0.7754766628287125
136,0.7753199251942976
902,0.7752988810734751
1477,0.7748278303181452
2618,0.7746220217658094
527,0.7743190997982544
1160,0.7742375846474455
2430,0.7742273150984665
200,0.77416327364908
2488,0.7739028704374915
1031,0.7737738429755054
1740,0.7737717501855256
192,0.7737684212686298
1753,0.7737076706384692
654,0.7736840671677843
873,0.7736732625921144
1677,0.7736553784530247
1919,0.7736506768829219
507,0.7736206493599418
1811,0.773379396826628
356,0.7733080978508217
1148,0.7730823229958066
2124,0.7730109080990956
784,0.7728165747021045
1048,0.7726220172089395
2648,0.7725933693730775
2034,0.7725498979451794
1272,0.7724696678953714
68,0.77246955194487
1389,0.7723541649211036
215,0.7722723279084527
768,0.7722235373919708
1222,0.7721809140310743
1744,0.7721489557766368
1106,0.7719697373856363
1353,0.7716676576686726
2719,0.7716213409700424
1557,0.7716009956279419
1492,0.7715107212099171
794,0.771103621128606
2568,0.7710710590301957
1784,0.7709570662505936
1134,0.7709011919616336
1982,0.7708375273334549
1432,0.7707023675301377
78,0.7706025204053404
1329,0.7705494338635316
1805,0.7705074570770102
277,0.7704357508649394
481,0.7703866682167909
138,0.770289934181797
2337,0.7702511868654921
83,0.7702084440862472
2284,0.7700872814874559
329,0.7700690543063872
122,0.7700679125128443
2362,0.7699334429231861
2114,0.7698642472077232
2289,0.7698203298176711
2071,0.7697828889534112
936,0.769617660601187
1343,0.7693636288504913
454,0.7693526191308496
734,0.7693361622006609
1868,0.7692690000563819
251,0.7692216346187382
2443,0.7691868699095037
1558,0.7691458445288331
1286,0.7689475324534096
2132,0.768764539427889
429,0.7685928106998275
1025,0.7685746011113677
1683,0.7685481228207955
2035,0.7684882249221457
2178,0.7684595173225344
2573,0.768368718026327
922,0.7682724064677943
1755,0.7680807552145401
464,0.7680792704342813
1565,0.7680722819277501
1578,0.7680679795782172
2583,0.7680663645862154
400,0.7680372625577979
23,0.7680150743170581
710,0.7679404562894253
764,0.7679340149040873
2604,0.7679202793349365
2079,0.7677661096383118
876,0.7676820611122561
2029,0.7676021263495023
2563,0.7675923745657293
460,0.7675771241808798
2345,0.7672687257253367
160,0.7672570973846262
2304,0.7671783903332773
2150,0.7671253660917404
605,0.7671024736341702
935,0.7670980216757332
1412,0.7670343228925415
1836,0.7670296994427646
668,0.7668426368022692
1866,0.7666257849298256
1825,0.7665128934818894
1461,0.766380283235065
2031,0.7663547268032764
2376,0.7663395912114506
2248,0.7659367334877675
1516,0.7658638881954369
837,0.7657381486852045
1777,0.7656232743048821
986,0.7656192696237196
603,0.7654852516933618
2665,0.7654621616795481
2640,0.7654270053648785
1007,0.7653444154364946
377,0.765005439969565
382,0.7648669902637274
2187,0.7646526042519405
315,0.7644830981991189
1179,0.7644525907687515
1840,0.7644310810789511
856,0.7643849742038489
313,0.7643819969893614
2715,0.7643633842851039
111,0.7642187341162873
2581,0.764188675252854
1849,0.764180365710284
647,0.7641204244236751
325,0.7638805055493455
2095,0.7638640949916767
2022,0.7637533955625794
1235,0.763575625081016
833,0.7635713953530199
830,0.7635012927906226
1814,0.7634680034982481
1087,0.7634273788881417
1608,0.7633821602165917
1003,0.7633068544449698
1671,0.7633060123860597
1418,0.7632484385782875
790,0.7631903577108388
741,0.7631623352645533
2570,0.7631044955296107
1764,0.763075455843988
1580,0.7629722312868713
1373,0.7629359027467003
1972,0.7629344080901121
2543,0.7628084473634869
869,0.7626876718159838
7,0.7626461633827588
233,0.7626187648761761
2530,0.7625890252917905
2194,0.7623607246786359
161,0.7623360282572006
1923,0.7622957574503617
1975,0.7622747759831544
198,0.7622462568130302
1153,0.7621999897686185
184,0.7621919780920414
500,0.7620838251684919
2318,0.7618864862446006
2257,0.761813053231052
2108,0.7617680427761108
1752,0.7617495540313586
1158,0.7617107046581529
1985,0.7616606490821625
1327,0.7614644371002859
494,0.7613434920909148
2301,0.7612804124598443
191,0.7611426254661057
2470,0.7611412234451702
1128,0.7611410671121401
1395,0.7611306544454729
1892,0.7610915822429144
2288,0.7610164491765936
1978,0.7609355636870937
2055,0.7608858722565329
1084,0.7608817353115339
1859,0.7607400128089487
2261,0.760707805624818
1468,0.760704855318493
1995,0.7605303303474271
26,0.7603935817385418
168,0.7603688137781668
2062,0.7602971447385907
2330,0.7602753753659002
2444,0.7601804540227975
950,0.7601095168682778
327,0.7599598390198916
1747,0.7598491521845766
1519,0.7598328946506628
522,0.7597939918540364
2336,0.7597398294872624
1706,0.7596784522854632
419,0.7595886338740734
1489,0.759578890288651
367,0.7595525268556844
939,0.7595472364708372
2355,0.7594944249628598
1294,0.7594063042939002
765,0.7594015031130817
804,0.7593044972939811
2374,0.7592543159469433
142,0.7591893426788924
1658,0.7591214313241534
2193,0.7590505303988533
1533,0.759050525229452
1425,0.7589720845871388
1421,0.7589475311468317
1107,0.7589138166044699
2030,0.7588158542683417
1427,0.758786399891421
2158,0.7587796549684206
2428,0.7587636663037283
2141,0.7587282177005558
1826,0.7586695802151584
2716,0.7585691980524747
1893,0.7584073339701034
461,0.7583304876343349
1873,0.7583245622521403
2080,0.7580461059770639
1598,0.7580148148763161
170,0.7579223402276828
2202,0.7577955326617122
1219,0.7577856927694336
383,0.7577744863769793
49,0.757749498901219
345,0.757721096209054
485,0.7577081066111693
1483,0.7577013150887283
1059,0.7576895006783598
2621,0.7576204470284906
838,0.7575842380656885
2001,0.7575651461766929
2350,0.7575345105285457
1662,0.7575189390616551
1054,0.7574938170395418
930,0.7573759684308842
285,0.7572866742913792
1141,0.7571721198631958
616,0.7571671214318204
995,0.7571648738001943
173,0.7571304758427783
2133,0.7571241741367369
631,0.7570763405422621
1803,0.7570679377491015
392,0.7569651067817526
992,0.7568987208354697
645,0.7568530063324302
1688,0.7568272740999535
688,0.7567128990827056
2000,0.7566353523265525
1181,0.7565727598895573
630,0.7565457280979189
6,0.7564123252825393
703,0.75639189052396
471,0.7563901099201182
2617,0.7563695560996201
1760,0.756351474666834
2227,0.7563310078374758
2285,0.7563251313497968
674,0.7562611405887836
1538,0.7562412657290764
579,0.7562042660178614
2656,0.7561833580814186
374,0.7561396217389157
944,0.7560942758856631
1808,0.7560585539791095
1895,0.7560570849188238
1085,0.7559995098914413
1475,0.7559192313260056
1374,0.7558929012878453
2251,0.7557072472712161
2370,0.7556478281831936
228,0.7556471156738327
1476,0.7555783632834102
1354,0.7555716971711159
332,0.7554928529990752
2544,0.7554483328352372
746,0.7554221629263859
1346,0.7552846190901764
1659,0.7552322752715028
330,0.7552044708570009
84,0.7551349780671546
1201,0.7550584570846379
1448,0.7549534603655116
1541,0.7549515956851997
1126,0.7548768769265772
1661,0.7548357271733835
2293,0.7547972534341113
2542,0.7547591609810682
269,0.7547367748393796
979,0.7547320037109829
1644,0.7547308460003527
2578,0.7546956415114433
1712,0.7546788287203798
1691,0.754674233518954
802,0.7546383172052744
2115,0.754562873710897
2271,0.7545490463230129
1074,0.7545477681225612
2557,0.7545336654351112
33,0.7545205970570267
1218,0.7545097587758689
2065,0.754480969116984
2324,0.7544256816147459
692,0.7543202424321334
2366,0.7542614970115121
801,0.7542465344327823
2179,0.7542251418400145
2172,0.7540417828055243
2424,0.7540243731545045
1330,0.7538609056289637
1650,0.7538391570574507
1004,0.7537546289298312
2476,0.7537494182181955
131,0.753735061636287
2605,0.753664308610427
569,0.7536392636160139
169,0.753636309438504
1058,0.7534804335774665
1757,0.7534277733654324
2718,0.7534079321618656
2245,0.7534011619389226
208,0.7533873837654758
521,0.753385883393343
2002,0.7533767548416607
1736,0.7533356871740284
1326,0.7532756818592936
455,0.7532613113910325
2686,0.7532460202256972
1574,0.7532237801091346
2215,0.7532129011584705
2694,0.7531804607512276
778,0.7531042587776451
2008,0.7531040240455025
1572,0.7530969289099904
1005,0.7529455537552243
2212,0.752934361290008
1556,0.7529054104620846
1478,0.7528889081857473
677,0.7528881720885903
1590,0.7528480115089977
2461,0.7528421485256989
257,0.7528120830796291
2624,0.7527754736822929
2278,0.7527303528751526
35,0.7527105817318824
805,0.7527005282280852
2627,0.7526797027482713
740,0.7526634725741613
2060,0.7526194550966111
1267,0.752618981251274
351,0.7524670523056473
896,0.752436855078654
1771,0.7524298319847318
1383,0.7524092236499409
1956,0.7523548261924136
1273,0.7523140947730365
237,0.752298414436402
477,0.7521350414934794
1138,0.7521283128057612
1060,0.7520603713643507
2015,0.7520493145247891
1954,0.7520154469507999
1524,0.7519703968683144
2480,0.7519396883550126
163,0.7519290568632454
1122,0.7518847442110425
435,0.7518558877732989
1765,0.7518356238763579
1960,0.7518168867485304
1263,0.7517564815790314
1199,0.7516850046680006
468,0.7516797298353193
554,0.7516263947783608
731,0.7515355118235846
2243,0.7515159961321304
1822,0.7513987280579616
742,0.7513817825352389
1018,0.7513773635443173
653,0.7512927378729142
2335,0.7512869754580335
1759,0.7512765644673695
2052,0.7511579417071292
2636,0.7511440862998031
1333,0.751064278255353
1462,0.7510561002321913
421,0.7509937444587066
2701,0.750968550488233
2399,0.7509279569906915
1047,0.7508752366349719
2038,0.7508675946236268
2307,0.7508669360889719
1951,0.7508550106230122
1378,0.7508463528978416
463,0.7504436409145638
1660,0.7503568875577374
1555,0.7503532189641063
1647,0.7503338053526172
700,0.7503160394988246
2102,0.7502966662580423
69,0.7502224535847274
2438,0.7501898682421398
1984,0.7501886322766677
2393,0.7501239402828054
294,0.7501164440870853
2708,0.7500455455329464
181,0.7499224608810555
1655,0.7498859212146705
1430,0.7498255011679483
1901,0.7496417492224511
236,0.7496078791690233
1739,0.7495954188098314
818,0.7495550326456153
1993,0.7495437719254241
849,0.7495117321980689
1548,0.7495056157541078
2130,0.7494564180309865
1094,0.7494188773111282
1559,0.7493303904738376
211,0.7492762539529156
1813,0.7490636689267538
408,0.7490367086431048
129,0.74902721126657
1233,0.7490128341784099
2117,0.7489916849807193
1162,0.748934854306316
1530,0.7488955140077507
197,0.7488705912274508
548,0.7486269665394887
978,0.7486197568603411
2540,0.7486023329188903
1790,0.748575825772065
788,0.7485456102091249
1436,0.748508334393832
2024,0.7484347098253425
172,0.7484093435515379
1077,0.7483689275183014
534,0.7483684187426811
614,0.7483665219860365
1079,0.7483164210903777
780,0.7483107669739538
1307,0.748303533888294
2533,0.7482460088517267
1770,0.7482256751400956
1324,0.7482223137040366
2536,0.7481780830079726
1331,0.7481686074644179
2036,0.748102614130171
1967,0.7481009255763837
1480,0.7479216996315509
626,0.7478992501900854
2671,0.7478280244257096
2074,0.7477298042161196
874,0.747618683506861
657,0.7476091493590575
1928,0.7475628958021806
2402,0.7475534466032052
426,0.7474692001609883
391,0.747457545577519
2200,0.7474294319131732
2011,0.747428359105464
59,0.7474047802368212
1303,0.7473586372057444
916,0.7473585962623738
264,0.7473209050942838
2629,0.7472861572377142
1321,0.7472776514941941
488,0.7472588482491482
123,0.7471711237706448
1463,0.7471677416782933
529,0.747148608635235
664,0.7471220194905804
1137,0.7470743424768909
609,0.7470478256336884
1298,0.7470391641700024
712,0.7469535964488522
2435,0.7469125291441684
1917,0.7468780154552158
195,0.7468763951355348
1916,0.7468696451531223
226,0.7468671717520029
1380,0.7467290736839952
2594,0.7467144731745592
320,0.7467006541593582
555,0.7466531086215438
968,0.7465994633870588
2372,0.7465493816064512
1280,0.7465052096493825
2145,0.7464768628408706
239,0.7464699071013957
1399,0.7464631024613825
1717,0.746439970131588
1026,0.7463806358213472
990,0.7463616837057334
1089,0.7461516982021009
1686,0.7460981910384966
773,0.7460863405180486
2398,0.7460862048503545
1645,0.7460733241547548
1139,0.7460293966758267
2129,0.7459926444451795
372,0.7459771133288118
1067,0.7459738397408633
517,0.7459676778064558
448,0.7457832673607095
1863,0.7457603360970104
2220,0.7457297826136576
1359,0.7456684599142234
293,0.7456607109451556
1737,0.7456582513726204
1537,0.7456430503865471
2494,0.7456133733332599
2375,0.7455963504275015
2105,0.7455513036939718
1228,0.7454720383473122
1930,0.7453107482263581
81,0.7452786168109015
2591,0.7452600050376366
1342,0.7452454235035387
222,0.7451998324568151
1230,0.7451932784333422
2322,0.7451409603272275
1545,0.7451271821290318
2572,0.7451155605953375
1316,0.745105880757904
2169,0.745058738820743
2467,0.7450231671431146
262,0.745023100553243
501,0.7449890121111958
178,0.7449020897162206
1648,0.7448826663007656
650,0.7448474230717801
347,0.7448012608078984
2235,0.7448011876998224
1405,0.7447929868464995
2280,0.7447906900024407
41,0.744749347028795
725,0.744709702963987
1227,0.7447088750342465
540,0.7446733242921146
926,0.7446159126320585
1313,0.7445896770108745
775,0.7444946771722887
2459,0.744480774145517
846,0.7444636323093752
1036,0.744442142906472
641,0.7444285035541056
439,0.7443865649057511
42,0.7443499882130765
561,0.7443434520848253
753,0.7443298998805542
2608,0.7443118467197722
648,0.7443090627428564
469,0.7442717346181816
370,0.744226205513636
1581,0.7441477381303043
1088,0.7441200192904978
489,0.7441070170108222
2463,0.7440279013906435
2058,0.7440182262824324
1377,0.7439632056816418
451,0.7439527082193568
1549,0.7439397134115144
1639,0.74393900121378
1687,0.7439345650921851
255,0.7438820714817769
523,0.7438292640270631
1620,0.7438141361064815
2326,0.7437765175131246
158,0.7437485762009911
2234,0.7436823507508993
1767,0.7436430975812138
1388,0.7436316466629836
1159,0.7436273477952342
66,0.7436255951497448
1467,0.7436041266034259
2597,0.7435984959929757
1713,0.7435832733751531
2676,0.7435702463503199
714,0.743560728724597
2176,0.7435300372752124
2709,0.743516383932151
424,0.7434657072065947
684,0.7434628736029376
704,0.743451869981993
2098,0.743451072034472
480,0.7434326375646321
2363,0.7433619934250966
923,0.7433595121738079
1955,0.7433496408895994
2281,0.743327359281064
1673,0.7433257352782187
466,0.7433244966424455
2005,0.7433073472491193
571,0.743292865000466
2090,0.7432714512615269
271,0.7432209898719542
2432,0.7430951285708075
1080,0.7430827720624644
855,0.7430365915561858
2460,0.7430051655621746
1605,0.7429796760551476
1236,0.7429727263373658
2667,0.742953896387162
2677,0.7429409429312307
2401,0.7429366973580636
1261,0.7428735570695457
1703,0.7428575303643464
2548,0.7428437497898136
931,0.7428249225431183
2111,0.7428153845623592
165,0.7427863345688016
2523,0.7427858026729491
1668,0.7427826351550463
1945,0.7427592083296154
1638,0.7427472385465234
2208,0.7427232461376362
331,0.7427184243079554
735,0.7426335657422092
430,0.7425934944545711
1102,0.7425303147134544
1547,0.7425260813015685
1546,0.7425208933443773
1063,0.7425130775966082
2054,0.7424765719574515
1531,0.7424443489205202
171,0.7424433219428352
341,0.7423587470662176
275,0.7423276708120384
556,0.7422278460396428
718,0.7422044162051193
1143,0.7421922337925773
691,0.7421873546295877
113,0.7421800642255318
2308,0.7421324299642316
247,0.7421261273892827
2127,0.74210921768892
570,0.7420710193578407
1569,0.7420685528477209
301,0.7420272158988354
573,0.7419984638521159
1887,0.741984745176987
532,0.7419636769561544
1447,0.7419585549120342
2400,0.7419340614882832
1387,0.7419257099436344
1385,0.7419025588119875
1253,0.7418633420751399
1092,0.7417363513553912
520,0.7416913695799382
2319,0.7416171458080075
847,0.7416082680056993
2634,0.7415335468231438
1183,0.7414958952817019
1526,0.7414739893761709
1705,0.7414332364842007
1416,0.7414229618189551
940,0.7414023207944478
2170,0.7413926874998813
1788,0.7413747684660952
225,0.7413564554443607
607,0.7413209638136473
486,0.7413153819107677
145,0.7412818366244627
390,0.7412669540506678
999,0.7412365523906217
2339,0.7412176322352346
314,0.741131535617541
284,0.7410212398998852
983,0.7410175399669335
820,0.7410115237923529
2100,0.740940657801945
2042,0.740902260833716
1310,0.7408988244064025
1173,0.7408976659291913
2223,0.7408607911912743
2012,0.7406820403551996
505,0.740667937276734
443,0.7406019494450105
22,0.740561655352796
2297,0.7405607840973633
1078,0.74039658411962
1285,0.7403655923306472
2474,0.7403584693573196
810,0.7403319474553995
288,0.7403268289167688
375,0.7402926714291529
2092,0.7401663096899881
675,0.7401400832109649
1109,0.7400992735751456
1789,0.7400289129402939
323,0.7400134777617149
707,0.7400070918009559
1997,0.7400026851989099
1880,0.7399989861411695
1486,0.7399809066978245
2528,0.7399799920278696
1562,0.7399432455820627
1947,0.7399309336414291
234,0.7399135524276796
834,0.7398540769123653
809,0.7398148496416743
2534,0.7397987966012167
2555,0.7397687312335629
92,0.739742084618797
1503,0.7397113231644314
941,0.7397102073633455
1439,0.7396892337705862
2244,0.7395967874490332
2394,0.7395554015157846
1554,0.7395300677349295
386,0.7395113759909958
2599,0.7394195284193782
2279,0.7394122689453583
425,0.7393593880356423
220,0.7392868261118992
2010,0.7392858353571224
302,0.7391627795129911
456,0.7391022785818853
2579,0.7390993802699318
188,0.7390769548342244
2296,0.739038104923106
2323,0.738986048962375
1081,0.7389804620516602
36,0.7389353856793287
212,0.7388996140227269
1933,0.7388667479202666
1595,0.7387845508429259
1093,0.7387193982223144
860,0.7387171127319306
1206,0.7386346517035338
2295,0.7386322299804193
969,0.7386056185949842
309,0.7386021346340914
1120,0.7385654019466006
86,0.7385551042201495
2068,0.7385380018550151
2263,0.7385129615190507
2529,0.7384947287787023
1611,0.7384680629609957
2286,0.7383822311688351
339,0.7383718113140322
2306,0.7383697533712142
1858,0.7383557412240875
2425,0.738352726875734
2237,0.7383222901351608
396,0.7382418575563311
2292,0.7382347605446435
115,0.7382219718641935
261,0.7382160690476299
2290,0.7381727193500865
724,0.7381391147747455
723,0.7381376313076582
1998,0.7381067962226481
1610,0.7380846456010216
279,0.7380604049098433
452,0.7380463589178753
497,0.7379584230903774
1290,0.7379425713464103
1318,0.7379222634741212
1135,0.737891154766172
457,0.7378876700764048
144,0.7377813540590791
492,0.7377570839006881
249,0.7377424011833679
155,0.7376851935749007
1913,0.7375420424188313
2426,0.7375221382532414
667,0.7375100466954325
2085,0.7374661663496482
1592,0.7374453368293294
1646,0.7374402068736234
1104,0.7373934988566618
1396,0.7373723781112748
694,0.7373530520245702
2056,0.7373491090998701
580,0.7373316493849666
1724,0.7372906195834372
336,0.7372711986865134
947,0.7372674793431668
9,0.7372612410875358
1991,0.7372409193095258
1573,0.7371931584706134
1948,0.7371899863394902
1850,0.7371638160041762
1846,0.7371352465110538
2189,0.7371231108183689
639,0.7370472200022968
2298,0.7370065671159405
1588,0.7368728920393969
2182,0.7368321873866621
2670,0.7367665554098787
30,0.7367165548223085
2359,0.7365952065924686
104,0.7364872938653301
895,0.7363772832031894
2527,0.7363712891521316
369,0.736362188055426
1682,0.7363564756883563
179,0.7361988061322338
1915,0.7361920265300648
1358,0.7361865414354569
2287,0.7360728119688664
274,0.7360691343869681
1149,0.7360498542672729
324,0.7360248906997005
516,0.7359991362362409
2142,0.7359347011172036
938,0.7358161847494881
1017,0.7358071082409453
1963,0.7357509823942375
962,0.7357175710038562
2046,0.7357105475984713
2585,0.735675905432683
600,0.735663275489434
61,0.7356579630499174
1641,0.7356070890925088
541,0.7355153097007244
708,0.7354605738543435
763,0.7354442696562753
2504,0.7354432181076939
1872,0.7354330759968841
1613,0.735357011897344
2247,0.7353487475063951
2537,0.735206464773613
1936,0.7351851424374973
1741,0.7351827991580255
867,0.7351759320626541
495,0.7351169912170802
2206,0.7350121906002074
1796,0.7348815650269831
750,0.7348751815261095
101,0.7348584115329855
1098,0.7348365219424643
1666,0.7348345249278871
2390,0.7347256215290217
1709,0.7346886836027756
1999,0.7346872039346448
1571,0.734684380650352
1674,0.7346754371311099
1532,0.734662232401155
1830,0.7346009771376589
1012,0.7345760858112573
984,0.7345345756641627
148,0.7344530616059705
510,0.7344090687591586
87,0.7343778982800083
1431,0.734290933895623
864,0.7342762919282373
2549,0.7342442130085166
1356,0.7342220288741191
2020,0.7341847320609283
699,0.7341709297217739
590,0.734157201909771
604,0.734089493179276
147,0.7340480410546157
121,0.733972970939171
1935,0.7339221849598399
2630,0.7338730973693901
1062,0.7338684730780399
524,0.7338187394429505
2391,0.733780990326136
1229,0.7336942488202065
1264,0.7336819715679963
582,0.7335500913654562
2270,0.7334708556749622
893,0.7334273418107686
470,0.7333553660350511
850,0.7333143137590491
1626,0.7332675349899974
628,0.7331175731111371
1953,0.733114866123749
1225,0.7329942095352165
1929,0.7328924302755268
1711,0.7328705330358525
1243,0.7328628565881514
2122,0.7328523275861696
1567,0.7327866753393525
176,0.7327757587979782
1339,0.7327649951319406
349,0.7327634073057244
125,0.7327344704026322
159,0.7327006570665185
1851,0.7325809596051223
610,0.732563583778048
1293,0.7323567041664287
1188,0.7323178325002038
482,0.7321747809271995
1224,0.7321594679597102
135,0.7321038648536673
2680,0.7320693020563427
1746,0.7320460278924757
1305,0.7320106423162671
2241,0.7319117703421483
267,0.7318262633437842
1441,0.7318225709950469
2531,0.7317681129753986
2275,0.7317110045008778
1406,0.7316708790685738
584,0.7316693029587545
2075,0.7316497091456853
2103,0.7315671612037298
2392,0.7315428321806335
1379,0.7315324070583438
360,0.7314702328657171
1726,0.7313875926152124
2161,0.7312507884157332
823,0.7312484889139141
795,0.7311375615476449
1034,0.7310719512270525
1664,0.7309615517707055
2512,0.730915813053752
2522,0.7308750599054075
206,0.7308387476531473
2535,0.7307966506864263
1636,0.7307400558411479
2186,0.7306729212832127
1365,0.7306609529239247
2274,0.7306491409375128
1363,0.7304584558778178
152,0.7303736275292957
2110,0.7302917056788438
1481,0.7302209235588218
2269,0.7301951191913891
2019,0.7300694968862617
1817,0.7298514428974463
697,0.7297989661407831
803,0.7296425170426656
963,0.7296015119772029
416,0.7293445414980502
591,0.7291551305635486
2683,0.7291366419707429
216,0.729098980298921
350,0.7290795983246655
2565,0.7290471468645945
2156,0.729038209838268
1207,0.7290363068505331
1898,0.728836460655827
119,0.7285674570972244
1793,0.7284750873468888
680,0.7283782897432243
1452,0.7283750747551754
783,0.7283591698073957
652,0.7282766737042041
2160,0.7282735481859789
2232,0.7282420183511167
465,0.7281527174267386
1262,0.7280961341120346
8,0.728071476577737
1934,0.7278516183022627
1200,0.7278017596425406
971,0.7278009446852947
326,0.7277423180095157
2276,0.7276139606336939
1502,0.7275585852317606
1450,0.7274669423969047
1656,0.7273840961628579
1042,0.7273526494447944
297,0.7273061084504269
2033,0.7272527588960676
2028,0.7272525807911216
1597,0.7272178417196765
1676,0.7271815619449805
38,0.7269962760345041
1627,0.7269828693027846
1118,0.7269500173757778
102,0.7269170359685506
673,0.7266436417880793
549,0.7266009243051071
1,0.7265717351045177
1020,0.7265215921979046
2710,0.7264620669619828
2560,0.7263872702165864
2231,0.7263729633146881
1738,0.7263557498117259
537,0.7261905239519755
761,0.7261338003439574
1847,0.7261324368059248
2681,0.7259650765928541
2499,0.7259638404703328
2249,0.7258888191880314
2217,0.7258297915323013
2340,0.7258028810375895
40,0.7256223857196282
586,0.7254616330054234
1366,0.7254156226318066
1437,0.7253105896474134
1785,0.7251448107614648
1174,0.7250681303775569
1882,0.7249851769333354
1750,0.7249302932257853
1101,0.7248571358511423
1816,0.7248388411943141
2496,0.72482374107591
2580,0.7248078314461568
103,0.7248039068198341
2569,0.7246139811051783
932,0.7244746494606773
2412,0.7243906833799093
883,0.7243279184175356
156,0.7242905746548609
1496,0.7242776127467636
57,0.7241003515046411
2669,0.724076938805477
1937,0.7238572824194509
1384,0.7238027571341621
149,0.7238025162263586
629,0.7237653401716893
1614,0.7237297011346522
2246,0.7236504109720262
254,0.7234988521823156
1237,0.723219421570485
2524,0.7232115480120466
1459,0.7232052230163565
807,0.7231964586172894
1328,0.723112428967927
2441,0.7230910492332795
2282,0.7230852211960493
831,0.7230767489321591
2364,0.7229981989036006
897,0.7229166856588781
438,0.7228912208529047
1831,0.7227235140046134
2440,0.7227145647930958
2546,0.7226626765142259
1561,0.7226345515564362
362,0.7225918797200894
779,0.7225637543458439
669,0.7225179018846468
2315,0.722409892710145
2674,0.7223960044437436
898,0.7223851030925421
1191,0.7223785586637429
2051,0.7221107304735638
1455,0.7219435570289552
1471,0.7219302780114332
1066,0.7218541156390798
1165,0.721771136790701
24,0.7217363552528355
1833,0.7217200233771222
2094,0.7216901339369589
270,0.7216792440196326
2450,0.7216081234424743
791,0.7215798628741074
1247,0.7215459172084546
229,0.7215067414727971
632,0.7214268829376219
1806,0.7212215708698984
2720,0.7209966311623173
1912,0.7205827215510834
900,0.7205568161935676
1469,0.7205431713329246
398,0.7204464171060145
2349,0.7204233105298863
721,0.7203759139419118
58,0.7203102056344229
44,0.7202557035154761
2408,0.7202004506476375
535,0.7201078997515528
29,0.7200536464787304
150,0.7199978732807657
2616,0.7197655640655607
885,0.719720128357201
2682,0.7194544478410625
2365,0.7194483735513523
2603,0.7194230117974354
11,0.7193151056641515
174,0.7192750085007444
2714,0.7192669375746655
227,0.7191277765004785
1698,0.7191112328806718
925,0.7190348261376108
1566,0.7189713011078638
1127,0.7189498783258346
786,0.7188891952998998
2341,0.7188335168943731
1238,0.7188092456522199
389,0.7188013319053627
781,0.7188010175638724
917,0.7187903957769113
956,0.7187547618078509
1241,0.7187405131000785
73,0.7186794922588647
1819,0.7186628101434979
800,0.7186534337344864
1203,0.7185684957722291
972,0.7184878273321255
1154,0.7184770887548434
90,0.7184363051342262
300,0.7184145910630396
2067,0.7183512637063658
1260,0.7183358768300233
2382,0.7183250969684565
1409,0.7183036496577562
2584,0.7182550344978313
2479,0.7182132549106115
2089,0.7182083667397543
796,0.7182007104446821
1904,0.7181665421271402
1853,0.7181551582951039
2379,0.7180361406574001
1820,0.7178486331797549
2087,0.7177562737323309
2047,0.717732208570137
437,0.717628162762546
2662,0.7175728691431706
1742,0.7173533434034082
1783,0.7173349134998294
1178,0.7173182675155629
2561,0.7172814832361687
342,0.717103163860875
363,0.7170761799645826
2254,0.7170349928777762
525,0.7170142142541494
617,0.7169928829154059
914,0.7167653441741028
1766,0.7167390683784539
440,0.7166571518177953
21,0.7162235037618996
2590,0.7161419408054319
2596,0.7161215005372974
473,0.7160087004924367
670,0.7159916510393922
1057,0.7159078834194158
2526,0.7158903977517292
2625,0.7157994392360122
1544,0.7157817348442186
949,0.7157177713710456
1244,0.7156668190683431
76,0.7156091341109844
232,0.7155893310694541
2519,0.715552045851268
1606,0.7154411913816797
499,0.7153997954746029
1245,0.7153947608716013
563,0.7153865816875697
1108,0.715169666552785
242,0.7151487266919723
921,0.7150502268676152
1657,0.7150447225590214
1670,0.7149159607469963
1460,0.7147960392282583
2434,0.7145088319617384
1024,0.7145077953587049
1522,0.7144976573754074
2138,0.7143753202027072
1721,0.7143630647974302
1008,0.7143480982600482
2547,0.7143176307907675
2421,0.7142770767850071
658,0.714180570355429
1193,0.7141122088569581
1386,0.7140245372088176
695,0.7140195906403536
729,0.7139848753104016
2684,0.7138065331799528
2151,0.7137145943933321
909,0.7135274537354128
2059,0.7134870225507969
2025,0.7130459758881421
2076,0.7130449231835198
2107,0.7129089407581078
2070,0.712907621517478
1801,0.712576490501797
2607,0.7125034178376176
1306,0.712434167102737
2097,0.7123377784118412
965,0.7121388869928961
2566,0.712125448609865
2475,0.7120894709392079
660,0.7119823921582199
727,0.7119661022286148
1194,0.7118845247706556
128,0.7118635762445702
368,0.7117939445627715
891,0.711715261953148
1129,0.7116350795594225
1357,0.7114654753372575
970,0.7112652433039426
1894,0.7112272547087258
812,0.7111713037063013
705,0.7111529656326835
799,0.7109223734057647
1723,0.710710731370656
1970,0.7104792088682881
46,0.7103013474685752
2510,0.7102949773726652
476,0.7102479027815071
1198,0.710125303690666
899,0.7101189740616631
1699,0.7100649148341195
2422,0.7098170172093434
1390,0.7096287917745359
770,0.7095797101041984
278,0.7093438511412193
2637,0.7092762410405552
1704,0.7092399608838301
542,0.709143766664751
2498,0.7091372971622897
1508,0.709104046872449
399,0.7090528539508291
1055,0.7088628801934282
2123,0.7088440629684662
1941,0.7088372490836203
1022,0.7088211580167278
875,0.7086622546561335
13,0.7086576511895119
1921,0.7086481370614744
1220,0.70861624709377
1223,0.7085728492682634
1226,0.7083681367993211
752,0.7082577767675997
1649,0.7081162669727846
2371,0.7080078348714107
2311,0.7078947063063873
1250,0.7073659766147622
1033,0.7072576029411538
50,0.7071930639938567
1256,0.7071635121414135
1889,0.7071631672595552
204,0.7071619951299917
551,0.7070383864348303
910,0.7066832529395516
1940,0.7066193938994542
2417,0.706206814556347
1360,0.7061800076838973
2545,0.7061390608324726
2347,0.706132454913123
2700,0.7060230292226539
1209,0.7059770325485949
151,0.705840714040377
1414,0.7058312141706174
792,0.7057136234379934
2086,0.7055412913566018
417,0.7052370480911853
1435,0.7052041055954626
547,0.7051763476748938
1642,0.7051411832739339
835,0.7049357274128342
934,0.7048433039882612
458,0.7048090490835687
2032,0.7044353802669702
1205,0.704410256353176
526,0.7043852158881522
428,0.7041926180903836
107,0.7040079122848574
412,0.7037438404845596
2242,0.7036139621699925
317,0.7035313333281284
2368,0.7033867789432672
231,0.7032622807046188
2409,0.7032310955758028
2320,0.7028122680489232
1990,0.7027180261580863
665,0.7027139422263207
230,0.7027085132115113
2592,0.7025296790234058
2325,0.7023094267306488
127,0.7022910818137105
1885,0.7020798371734556
1248,0.7020737254749629
1728,0.702068432048411
1021,0.7020004639715861
927,0.7018502125322
1905,0.7017569014077004
2332,0.701643435037012
402,0.701466520216331
99,0.7013001137966706
1053,0.7012087316057758
2452,0.7010895181487311
1029,0.700211517128228
1989,0.7001623943079347
295,0.7001039695255706
1979,0.7000572562777444
379,0.7000570950809286
1878,0.6998117680948196
2377,0.6997618369534311
536,0.6995528826374094
43,0.6994799486470119
1594,0.699462989974079
2057,0.6993692847953588
1111,0.6991496147696338
989,0.6991273288393753
627,0.698644555508135
2149,0.6986198946429769
252,0.6984734710266078
656,0.6984522910203442
1529,0.6984046582128771
404,0.6983112847640746
162,0.6982230727212947
1009,0.6982151289991497
2120,0.6980942330159482
1528,0.6980387435401701
1628,0.697967040808499
2491,0.697959705787034
1776,0.6978252183428992
1577,0.6976446040178872
2159,0.6973717545483632
2367,0.6971158288463549
1362,0.6971019402872008
1680,0.6970869534790598
974,0.6969183090778119
2622,0.696536754641708
410,0.6965163790403409
1323,0.6964938189673795
2023,0.6964232220824124
2183,0.6962157992149078
1799,0.6960190491055154
1000,0.6959978066612152
2404,0.6959963910301675
1231,0.6957466569903519
1114,0.6956313988137834
1862,0.6954503090139514
1879,0.6954469071499919
340,0.6953595980366457
988,0.6951091783055536
2230,0.6949966317720395
567,0.6949502673166938
1189,0.6946969575686588
772,0.6946768407393842
887,0.694349061520885
1493,0.6942569915592702
1906,0.6942492206704185
1832,0.6940198061210209
839,0.6938764030013729
431,0.6938110475098099
1117,0.6935173179877583
1348,0.6932355036932955
1352,0.6930906260060059
920,0.6929070354023034
2043,0.6928729667684136
558,0.6927572080742642
1701,0.692622947692074
1035,0.6926130508888957
2497,0.6925344722027107
2228,0.6924489238081702
1433,0.6923832727487178
1347,0.6922548509666735
1155,0.6920393401382722
955,0.6918221281913997
861,0.6916333663886197
1787,0.6916276610678543
2646,0.6914234169792673
19,0.6912953942896416
912,0.6910593603498335
1151,0.6910334711809729
14,0.6909919683701189
1534,0.6908702753573451
2643,0.6908161038785541
1195,0.6906716642895426
2177,0.6905971024698861
1861,0.6905589020804384
1334,0.6902987259232364
720,0.6902782954181902
2690,0.690237627792948
1130,0.6902270233182456
1795,0.6901920385637021
1575,0.6900687657811505
747,0.6900463549841028
1501,0.6900157714576282
1599,0.6895948355612062
961,0.6894068055135397
1756,0.689273769931431
2229,0.6891354372799574
2722,0.6888912078712095
767,0.6888256771226855
2369,0.6888125404852407
879,0.6886575717054862
296,0.6886257821566757
2706,0.6883903952148264
1629,0.688379542988302
1282,0.688138484635569
682,0.6880043070827481
2154,0.6879524936139049
105,0.6877843539443037
504,0.6876807625371673
622,0.6875451422146472
1821,0.6875007513007468
1513,0.6869315779047076
2678,0.6867357316913799
2626,0.6864139554064517
352,0.6863434252578525
2081,0.6862751150370373
690,0.6861486006289638
1494,0.6861186026462689
1308,0.6859430324416401
2162,0.6852246969437366
1800,0.6851480909844114
1006,0.6849620646319602
2410,0.6847393730273987
991,0.6845743942256676
1523,0.6845062270161166
2134,0.6843398271064476
906,0.6843090989325928
253,0.684289432557375
698,0.6842346327081349
732,0.6839445561281017
1845,0.6835502057006791
1517,0.6833878131558888
1100,0.6826368596361002
1097,0.682612588325449
1408,0.6824731498026816
1583,0.6824622222854798
719,0.6818190607005284
506,0.6815544172971507
16,0.6813481031058185
2631,0.6813382108813856
1902,0.6812113203781245
696,0.6809816303722049
2703,0.6807880499292858
75,0.6806345324370594
2418,0.680216611900933
2487,0.6798545054514405
1274,0.6797517952251637
361,0.6796072611603229
646,0.6793790381539797
2511,0.6793350089779091
1132,0.6787532602291361
258,0.6787276451456914
2021,0.6782342844028539
55,0.6779964316314071
1769,0.6776646613806739
2343,0.6774990756120062
1039,0.6774830633447737
2453,0.6772419760958558
1065,0.6772344814185783
2140,0.6767990434040572
1550,0.6767553150927682
487,0.6767546073649605
2679,0.6764070532475005
1856,0.6721820783098529
384,0.67209797109319
1279,0.6719785268440871
132,0.6715430558135504
433,0.6714247475124941
1208,0.6713095405428496
2610,0.6711940732657165
475,0.6711479777997881
2004,0.6709108148412003
1073,0.670896996355112
1631,0.6706786929400241
2109,0.6706028790135472
2713,0.6705042539059265
1246,0.6699629608487996
1727,0.6698609661364112
388,0.6697580681972344
1735,0.6697151911784498
2357,0.669577136769767
1931,0.6695090766886094
2069,0.6694218367466062
1690,0.6687676167387657
335,0.6686102077042807
951,0.6685317120508255
2492,0.6685075012508741
1265,0.6680911613936641
1484,0.6679776720874446
1190,0.6677012558337537
2553,0.6676666818841768
1266,0.6672719571628343
2587,0.667248895903196
762,0.6670086258255193
2655,0.6669704341171435
1314,0.6668979544886768
1623,0.6667579279012331
2564,0.6665575233073083
1829,0.6665374086076538
2658,0.6664874449089014
2148,0.6663423621060852
1413,0.6663381702090794
2093,0.6662358139673936
1932,0.6660526781743349
199,0.6660214285402385
241,0.666021286005067
2039,0.6658471167796675
1338,0.6656306334253959
1911,0.6650343764266717
716,0.664613982704309
744,0.6643594250376395
48,0.6638521588901101
96,0.6635939343482569
882,0.6635922329619993
2609,0.6635482336476984
2576,0.6635118809350996
1215,0.6634384527035988
1302,0.6631395952334929
981,0.6630257334358034
291,0.6629046402036284
2328,0.6623665256110275
503,0.6622922116243041
272,0.6619475307657037
1996,0.661653947187828
2240,0.6614839369978902
307,0.661316722801819
776,0.6612370740118004
2416,0.6609599748015369
1637,0.6609046672844929
2673,0.6608075683157502
2575,0.6606671272972034
134,0.6605887967089614
110,0.6604954628431118
343,0.6604073398450461
2260,0.6601917571106776
2226,0.6601239846956144
493,0.6600028858234621
2472,0.6592928036279394
290,0.6592101318851961
2493,0.6589819130702707
2197,0.658898632094282
1763,0.6585061948574279
624,0.6584656441823753
2302,0.6583177688011098
2657,0.65808119630336
1507,0.6578369682329098
1163,0.6575690302237215
606,0.6574487197132115
578,0.6569939520145084
1161,0.6565942868673657
1768,0.6564234275589673
2420,0.6563222117833871
1456,0.6562876317381423
71,0.655874376810509
62,0.655759010188712
2386,0.655734259450323
1857,0.6557274481487418
2224,0.6555488473741597
1654,0.655375415473392
187,0.6551202595384694
1586,0.6548501183304111
413,0.6548454232765413
2414,0.654638650605104
811,0.6545743016961997
844,0.6545424491403905
502,0.6544596474726407
819,0.6543217591790731
1116,0.654306193452342
1096,0.6539179563788403
2413,0.6537195620574792
2167,0.6534772695488829
1609,0.6534150870218014
1197,0.653234805376956
715,0.653026684503224
967,0.652573472732973
585,0.6522612615163143
2468,0.652198088752635
2396,0.6520051129256623
1465,0.6519203783672307
2489,0.6518241544826601
509,0.6517642002998917
2514,0.6508743451266908
749,0.650449311283239
2406,0.6503093689734609
1969,0.6502242858877443
2164,0.6499780844573032
321,0.6499108720392357
1171,0.6494712902534048
64,0.6492787766817146
1977,0.6491135181494941
1361,0.6485969145444109
2623,0.6482321707779066
1685,0.64805247611165
2157,0.6475657600657638
832,0.6474999594189255
566,0.646871857832441
1304,0.6466665353015106
1240,0.6464245176974159
2216,0.6462505638650436
491,0.6462295294904091
1479,0.6460361969187111
2707,0.6458165956805288
1980,0.6450588846728544
1774,0.6445214940445024
1112,0.6443976488615473
2213,0.6441894323486684
2026,0.6440303191821549
2433,0.6440156418718327
175,0.643900491805222
878,0.6438180458007059
2473,0.6437703219152692
728,0.6436366198929183
858,0.6424482173540746
2506,0.6424395206842303
467,0.6422653106982248
1852,0.6420607038301941
1472,0.6414858496507682
598,0.6410597519225482
854,0.6409849804012261
643,0.6405868707476592
1871,0.6405426396900457
560,0.6399282583651212
1715,0.6391941346496156
51,0.6391337177271472
2574,0.6390553261323237
1375,0.6386933261065486
1848,0.6380939584566968
2233,0.6380612448602094
1367,0.6379728225248325
1168,0.6364909364101378
759,0.636384791985044
2239,0.6361362746939611
1812,0.6361357485229623
2380,0.6357181900504364
1619,0.6351071963056093
743,0.6349245263835064
2688,0.6346968714874474
1444,0.6345477307442228
859,0.6344342273868985
1842,0.6343727218910858
1499,0.6340202157036066
1758,0.6339751121699341
661,0.633847127669853
359,0.6336261965798248
533,0.6330369967549495
358,0.6329946056687743
2044,0.6329406387435567
1136,0.6326670392135249
1146,0.6326504081517464
1068,0.6322691983997419
552,0.6322014252546853
2049,0.6321853350315875
1681,0.6319205227780201
1540,0.631660233137437
1045,0.6313545603128822
1434,0.6306133527998019
1115,0.6302331807951593
18,0.6280117549656399
2696,0.6278596358119138
2611,0.6273217254197713
1292,0.6265137499834162
311,0.625419375927521
1696,0.6248345444525284
1345,0.6246751910265417
2447,0.6241292911652488
221,0.6237862414590847
1289,0.6236537276713107
774,0.6236257433807293
2264,0.6233125732153956
1964,0.6228905145039537
1689,0.6228569016322647
2675,0.6221198581932871
2554,0.6220750053015496
1903,0.6218115556662009
63,0.6214645888386536
2654,0.6213973526149883
2693,0.6210878444768786
2104,0.6203845730092619
98,0.6203006041464391
980,0.6197078400881376
2314,0.6194654187051012
644,0.6190577217986262
2429,0.6186340872344666
85,0.618503441091813
1002,0.6170355515881942
2128,0.6166865377044406
905,0.6164986271609544
1255,0.6161124428539352
2586,0.6151302381032616
1401,0.6148123672672628
679,0.6141914992997289
420,0.6133499325936754
2299,0.6132512153956553
94,0.6130246849168696
1589,0.613003552912462
496,0.6128495609927777
1743,0.612441396487041
2711,0.6121821271821936
996,0.6121237227463298
299,0.6119303317365172
824,0.6115749889410739
2147,0.6105334772046438
662,0.6095916563616485
1607,0.6081704354643265
1855,0.6080556874834021
853,0.6078236981457716
2348,0.6074830972207559
1625,0.6073609263404043
2218,0.607017549415148
77,0.6066948085213053
2702,0.6056787833130272
672,0.6053755469445535
1909,0.6053049744504898
1210,0.6052704672206992
2647,0.6051286562858693
1782,0.6045632010342373
713,0.6043799214926936
2466,0.6037014274912043
2077,0.6035803140789434
1071,0.6034131822691446
1013,0.6033650850115396
2449,0.6032576411096119
1869,0.6028216207621482
2445,0.6023230052451336
2552,0.6021432622440405
1669,0.6016935946043802
1509,0.6012172173394508
2126,0.6009632657045367
2439,0.6009336220992921
623,0.6008823405908986
758,0.6007539648685511
2373,0.6007437192636252
1834,0.599393200032323
1369,0.5991700938899241
2175,0.5989184002124468
2252,0.5988438409450441
2462,0.598431719145761
2501,0.5980878726507406
2562,0.5966053235092544
1992,0.5965683927688781
1443,0.5960115426881479
1500,0.5957150481078435
1125,0.5939598967804997
612,0.5937928914055419
2551,0.593708692798547
490,0.5934444987692579
2465,0.5925337652780084
1050,0.5921844022662055
2550,0.5910697845509366
1876,0.5871760867302863
1959,0.5859686633364696
74,0.583854967866045
245,0.583059484444759
2313,0.5830083584426079
1802,0.5827739371006533
205,0.5811809389740186
1251,0.5802534266620553
2638,0.5780827907697308
678,0.5774461845714655
259,0.5773937886557905
666,0.577341837232987
1786,0.5763433070117634
2384,0.5757864471042032
2633,0.5743060954917829
2613,0.5719334534388417
651,0.5714069116717483
238,0.5713815425391682
1249,0.5708430599696709
1734,0.5707402773004765
442,0.5703763789655572
1010,0.5700357485204555
2457,0.5690216843871504
1511,0.568442904158919
512,0.5683987475807534
751,0.5678904721150383
346,0.5668579928959958
2353,0.565359757866397
1216,0.5651942258287647
1823,0.5643624380560283
444,0.5637768200322758
89,0.56370574920831
726,0.563698080921109
1632,0.56324711766112
1694,0.5620067967628151
180,0.5613714509173954
143,0.55993500300342
619,0.5598563189069362
2144,0.5576780792999964
2486,0.557374271847915
513,0.5565095411013574
676,0.5556010021095816
1622,0.5529757630273621
1700,0.5527147645782062
2431,0.5513049866069273
884,0.5501842749248644
1966,0.5492861424029734
2650,0.5477907278699806
1038,0.5476334690596688
1482,0.5458708634346842
1180,0.5448346457058815
1897,0.5445325505119682
1091,0.5444467317594037
34,0.5439440616091038
2283,0.543910303617467
292,0.5424092727425217
203,0.5420385027897251
1794,0.5412772927083422
2661,0.54103081218226
1672,0.5400258043335796
2053,0.538961814739289
621,0.5384696008211968
901,0.5380318818869813
1958,0.5379751866074702
2415,0.5379400173331704
754,0.5373062711246134
202,0.5364653071123128
1695,0.5359565683070445
1886,0.5353864785641592
1336,0.5352781307509058
1730,0.5340749952824465
866,0.5320466630775775
2256,0.5264861643987719
164,0.5253803155935597
1718,0.5236685337914134
1411,0.5236528167493496
2456,0.523616492330576
2517,0.5231490640075097
2125,0.5219523271581314
1023,0.5216940966653316
2238,0.5216927505267295
929,0.5215609240321767
737,0.5207271283568132
2361,0.5188334584360426
1295,0.5185628797461974
1986,0.5166198546401795
322,0.5149086991028172
1419,0.5147031569273935
154,0.5125373819247409
1177,0.5109923347817299
1634,0.5108144324914946
519,0.5100134191292384
1204,0.5087232962885788
2219,0.5086516453170019
640,0.5072039520522594
1624,0.5068876609747001
1512,0.5066909162597278
685,0.5061884348027785
1064,0.5
817,0.5
193,0.5
1113,0.5
70,0.5
1539,0.5
1271,0.5
308,0.5
1630,0.5
1910,0.5
334,0.49484191626145124
904,0.4947832204490085
2191,0.4941057507053729
2317,0.49323651146925807
1464,0.49276481167651276
1939,0.48851997485495524
1351,0.4879092604219972
602,0.48510487387179674
2198,0.4841127363959263
1446,0.48385899983325675
280,0.480702298265568
2485,0.4777395802227583
312,0.4771835636458765
250,0.47615989958248994
1839,0.47203031098273657
353,0.4719036413992077
633,0.46901307232725553
862,0.46834529191361907
2338,0.46805065460709444
15,0.46777985052897664
2066,0.4653151001788629
1176,0.46243522441183926
642,0.46148155990729967
1124,0.461365646764719
836,0.4605129146642863
1971,0.45647742366489574
447,0.45490732579857157
2451,0.4535144679168429
498,0.4524384920229839
942,0.45231618731683476
2397,0.45040800745555115
1899,0.4482500964172751
2091,0.4474552620907731
1505,0.44527639583136647
273,0.4451871508824908
589,0.4441142716265097
1506,0.4422179443303517
95,0.4418361759442617
25,0.44171136420807877
543,0.4374994262818371
880,0.4350095000784347
91,0.4349246374644682
1907,0.43458320711416304
1579,0.433087252542253
1283,0.4310420547375327
2171,0.43092000864802876
2612,0.43003265735684043
1961,0.42891822655673995
415,0.42669396034668877
2101,0.42275878230046343
1287,0.4219855830378465
2663,0.4217065038622144
2395,0.4214569584080104
1317,0.41952117228472874
1748,0.4155288851140146
1780,0.4135955309448969
348,0.41330255133075494
808,0.41099815568549514
436,0.4099794261007714
2600,0.4079747952376749
1719,0.40624144884490343
681,0.4030156741453706
1773,0.3992870316389692
1252,0.39599444200079903
319,0.3956383519573207
1428,0.3955778615075704
1535,0.3947811896011224
546,0.3945830247990854
2589,0.3921028075646632
446,0.39058782242767476
306,0.3900317676653027
924,0.3896203235643049
2006,0.38755869749058874
196,0.38469147161078754
2268,0.3839374645185556
1635,0.38377803309376834
1001,0.381869033493217
1612,0.3815552164554405
1663,0.3809172330585682
1277,0.379662543364423
1974,0.3777491447558828
1576,0.3701099908109753
141,0.37009798777094377
1281,0.3689119776472899
2207,0.3682413982004134
2262,0.3667825007964165
1520,0.3667575433282992
167,0.3658589202214869
544,0.3653086135812881
1722,0.36380571388033617
1325,0.3636852041413949
851,0.36115895476630255
20,0.3609392989207047
1196,0.36048974666137434
53,0.36009946740191606
638,0.35798784929879063
2360,0.35753537203525554
2009,0.3572064582212183
1633,0.3547725688974917
1268,0.3538980733273799
877,0.35286453306289955
1584,0.3506906698640937
977,0.3499267782703763
597,0.3489434218035927
316,0.34801746852147747
484,0.3474761887813964
1952,0.34669775509867257
445,0.34441364097934696
2717,0.34435345760497993
1032,0.34022364110078335
2653,0.3388508558171632
209,0.33839272826746847
709,0.33810506344567925
2106,0.33187967600573
365,0.32883238067565634
2593,0.3272423361366387
1350,0.3271366559803299
1965,0.32403669988959966
530,0.3219186486951208
2155,0.3211381208493413
1186,0.3206520039474381
214,0.31848107566265754
459,0.3176729864600097
1185,0.31754912973692573
406,0.3172775606479921
381,0.31516413573334884
908,0.3118747886654395
1044,0.30932818443904025
2672,0.30925203371485627
1076,0.3090961894157528
235,0.30730871938922555
2205,0.3063403533431976
1291,0.30389485601561733
213,0.30264186420819633
1397,0.3020606407493958
1667,0.30027981004470494
1341,0.2983024386231377
2146,0.2976983097174545
1679,0.29646921572885104
1451,0.29539651165979736
998,0.2934806520608453
655,0.2920582337971865
966,0.29168708831229373
1762,0.28860256113458604
1874,0.2874250466115298
994,0.28737732379365544
2641,0.2872357253724612
194,0.2867445921441802
889,0.28607248197707064
863,0.283925461139361
2500,0.28176640525695495
1170,0.2813075653591398
130,0.2805647442489925
1312,0.2793322042742078
1016,0.2792531452801318
2250,0.27874413896128464
409,0.27833505229242034
2327,0.278197308913756
166,0.2776369896146427
2378,0.27670784719289765
620,0.2762942031996917
2064,0.2711485137027245
2505,0.2709715596017044
2210,0.2698404490799914
2082,0.2695849938891448
845,0.2680038129276178
1968,0.26677356262676005
2153,0.26613861531032895
1429,0.2660194002664045
2427,0.2650307595098365
1983,0.2648589393969997
871,0.26416778023909887
1918,0.26379308231400295
701,0.26177336361529646
952,0.2615421734816984
474,0.2614364586462799
903,0.2614042894644296
337,0.2571685860220475
219,0.2565257043396485
1585,0.2565019115102997
2013,0.2563866510299915
60,0.2549143212164102
1147,0.2546366022034018
2099,0.2545157928911896
1582,0.2543933694594864
116,0.2542062242138969
2253,0.2530728871895133
201,0.25264119769049964
2203,0.25259999772551633
1187,0.25217057497658585
1391,0.2514543720222623
218,0.25008066350497005
1422,0.24855375599901755
2699,0.24823453245188346
1392,0.24791196237392493
1221,0.24550282128534148
248,0.2442681915813162
987,0.24421184812841493
2277,0.2436542365599924
557,0.24341295747922154
1618,0.24301808274554543
117,0.24299145335475084
1603,0.24227143710518734
1843,0.24225725499260628
2668,0.2420785719979664
72,0.2419812507950973
126,0.24196878441655523
479,0.24161542518360302
397,0.2413863629255865
1426,0.2405703492163956
1488,0.23913807325360004
276,0.2381127628665244
100,0.23732332126815536
472,0.23649268943227894
2685,0.2338444500510456
2027,0.23315807473093858
2184,0.229438825130359
1164,0.22942098218184168
355,0.22785461295256168
2695,0.227513131477347
1049,0.2253245499290567
1454,0.2250030293810572
1299,0.21892308220509604
1258,0.21858025052875912
1144,0.21818546581443787
357,0.2172509543138318
1920,0.21668000131250212
982,0.21544337882920137
1881,0.21540198630203827
387,0.21503013755348047
1095,0.2138321139190398
217,0.21349736029690644
2649,0.21304819461243082
2698,0.2116741118891876
407,0.20988663145572742
2509,0.2080287999649965
1841,0.2080269786319595
1157,0.2077669851325761
2442,0.20774229892300736
841,0.20563118723099091
1474,0.2054492510459235
2037,0.20541261342954137
1445,0.2046015742228736
2180,0.20136891513289173
1797,0.20117132490892758
738,0.2008000102092578
1257,0.19937938670428842
268,0.19906258346201824
2266,0.1982770839531115
954,0.19810264747168563
706,0.19779396886013978
114,0.19778561847048443
1950,0.19729790801577474
2181,0.19612744152976078
2664,0.19564267970142876
1364,0.19502766537217983
1296,0.1946607380132621
596,0.19454026459196475
2704,0.19368434919929797
434,0.19352496756943485
1090,0.19349246799273592
1415,0.19333821899497045
1417,0.19311682794031138
1056,0.19228284773609863
2118,0.19209920734034014
1030,0.19185494730813019
2539,0.19152784097535652
2048,0.19152036823159416
5,0.19135340064318504
1041,0.19050066174335845
757,0.18979862179466395
2659,0.18969185509160968
1337,0.18925338268302533
1403,0.18894351077373917
344,0.18844779342944493
1710,0.18842536936874466
243,0.1881663865894192
1371,0.18796945887214847
1498,0.18796376722183977
401,0.18756559386344085
1019,0.1873016267950558
564,0.18692973574994187
686,0.18580840606968088
1720,0.18547404568043413
478,0.18447415438628162
287,0.18413164735552975
787,0.18377787005233587
993,0.1837289228799849
1086,0.1836918681878696
550,0.1829169343046684
97,0.1828228905997352
1570,0.18211987229675877
2185,0.1821002238947518
1169,0.18195268274309792
960,0.1811639196842184
2119,0.18046901733742554
553,0.18032819105923079
1684,0.180270114094047
1804,0.17992348004932104
637,0.1796920630058561
2272,0.17933101060945508
1988,0.17912159427314747
1604,0.17885173145600264
793,0.17879167005915808
1150,0.1781601029053025
1926,0.17806034435019727
2387,0.17777859431768805
2211,0.17667341994425692
2137,0.17645014901975345
256,0.17615946470347124
2131,0.17573219904582113
1510,0.1755546514533811
1564,0.17548811449766585
1593,0.1750431623731231
976,0.17486350210983878
2267,0.174561119163063
1798,0.1741978229493131
2705,0.17399852837831759
1824,0.173874390784846
1349,0.17307194414771032
394,0.1724058591696404
1133,0.1720957837943592
137,0.17200096295941408
1259,0.17180724749804305
1376,0.17175631097535565
565,0.17107432494975713
1393,0.1699957232224356
2598,0.16987848934794728
2651,0.16984546418195323
1949,0.16934581121801595
2003,0.1692803143401491
2204,0.169224374312552
2525,0.16864776423522412
1211,0.16864191574744836
826,0.16841718502315592
514,0.168041964072167
945,0.16798918860980946
888,0.16770466121165398
2419,0.16764980547984654
1140,0.16763025060450046
2136,0.16749290580302678
663,0.1672546703297112
1938,0.16654714026593775
1924,0.1664901253512982
1172,0.16629866436515064
2619,0.16611331463667858
2088,0.1648364389115595
1828,0.16466568990118716
1322,0.1643646832312475
1844,0.16404207929987158
574,0.16370241616154343
2135,0.1630331906987755
881,0.16295452443180716
946,0.16284713162106965
1900,0.16255012995000623
576,0.16176575859570805
769,0.16169178725790387
829,0.161487351677725
1027,0.16098999347107298
1962,0.16063328336714303
2236,0.16051811642419042
366,0.16035409790739827
756,0.16018873364780348
1775,0.15992734940084768
693,0.15983610897470824
88,0.15964947522893547
953,0.15925488485211522
2595,0.15918576693212028
1394,0.1591852628987164
1587,0.1591157347456821
918,0.1590872807650924
1942,0.15904027293792122
1119,0.15898374105321733
240,0.15898338773771203
1652,0.15863965643215244
120,0.1586129287948241
2163,0.15835188603316921
1697,0.15829164589921435
634,0.1577485368532032
2209,0.15678176033371594
32,0.15674751049058833
2165,0.15658267674953083
2692,0.15657631547343082
423,0.15631357835190177
2687,0.15613289452651005
1514,0.15611778437164664
2265,0.15600996526250493
1877,0.1559039192692644
27,0.1558126588231566
2312,0.15573095956852914
806,0.1556888623910399
1099,0.1554263354001366
1732,0.15522279437695324
224,0.1552148922378416
380,0.1551409472546484
1543,0.1551207545487584
828,0.15486993732843832
1072,0.15476899047003134
1596,0.15476703309603906
405,0.15462514245700848
2520,0.1540424594065533
2559,0.15397060004164603
511,0.15391913568936996
813,0.15390822878824226
1407,0.15375981077937306
575,0.15352364836825014
2152,0.15287330363759022
943,0.15283001594187184
736,0.15250672777985977
2192,0.15189662772124798
441,0.1517862178302885
2073,0.1517831235481556
2168,0.1515160065206112
1485,0.1513490438542122
1398,0.15037137762599023
848,0.15034254631886756
2532,0.15012370278749412
2381,0.1498569462549057
80,0.14925145953983324
1490,0.14905604888673235
890,0.1487831331994591
411,0.14862955011681778
2222,0.14839536070561943
2389,0.1483910643537321
611,0.1481697551563301
1239,0.14806544943055464
427,0.14795881323642165
364,0.1478597159297167
1665,0.14765162688036318
1284,0.14763785587124456
1152,0.14759460987875953
186,0.14749029929880214
608,0.14743327405095924
581,0.14737721739921983
1335,0.14725737354664975
2483,0.14711264373379507
1772,0.1470494554745845
1242,0.14682510519639658
1424,0.14676550915695988
2173,0.14655237591215847
827,0.1465444923858743
1491,0.1465087127475954
1515,0.14644386375383267
745,0.14640305471204088
246,0.1463137303236107
789,0.1462186267928848
2689,0.14618809519024709
1692,0.1461493970647011
755,0.14599426185871686
659,0.14582883915154404
985,0.1450661537322458
2712,0.14500291223670045
1568,0.1448834307673976
1890,0.14460390967660144
2458,0.1445438266434366
599,0.14437349002614464
1725,0.14340000971524755
1827,0.14333471064636638
52,0.14331495886359594
1781,0.1431937115629134
1040,0.1429306121201506
82,0.1427947272864137
1051,0.14270257442744583
592,0.14266111431556214
915,0.1424146522381631
2482,0.1424098307291247
2303,0.14206275759328207
730,0.14195907698198007
2255,0.14178483903957745
1809,0.1417642851803326
1591,0.14170638466684188
289,0.14137330511329652
2,0.1410484789496476
613,0.14091292469905306
1616,0.1407494521417458
2305,0.14068965679506637
1525,0.14067276151675542
1234,0.14047343416556876
1864,0.14030816469414797
177,0.1401881002332661
189,0.14007886465831398
595,0.13992557958473956
3,0.1397740059490155
328,0.13920276226542513
797,0.1389704702343167
508,0.13863740358886292
2697,0.13862579850459628
1884,0.1382494532575653
2521,0.13790866248758288
1560,0.13754312259685592
1602,0.1374499906835239
857,0.13737509062721334
1527,0.13736170810636006
1883,0.1371143679562147
1835,0.13706600385827025
559,0.13680840545949818
1779,0.13678709796757763
1167,0.136684618658899
760,0.13652901602781223
2437,0.13652845631480187
182,0.13605936647843495
782,0.13573795772270028
12,0.1356235098372644
2045,0.13557567218534283
2490,0.13548208886297264
2050,0.1354011042377386
124,0.13491600829301453
1925,0.13489404703994504
2652,0.13434670247575117
1865,0.13434209719310394
1156,0.1341940847672832
432,0.1341399963609923
1651,0.13404725921578775
615,0.13388503081101605
10,0.13386082631128446
2121,0.13300088259644086
689,0.13254762257672928
2334,0.13252386762637217
67,0.13212900280368114
2503,0.13196616861995347
2329,0.13152599602881596
385,0.13139557295691306
1615,0.13120296735033846
892,0.13117513803418893
2014,0.13080441349400018
1320,0.12974625955446809
283,0.12946631711568546
1553,0.12939427777797682
133,0.12926893758424826
2221,0.12904194601412292
2502,0.12896964475075573
1914,0.12851886259700526
1943,0.1284927249628267
2300,0.1284532714822203
1896,0.12816294683492746
303,0.12737271117934587
1370,0.1273423208103528
635,0.1265899801601474
93,0.12637063206145924
2691,0.126307317198221
568,0.12614345085336415
2436,0.12604426612147449
4,0.12535239559983674
2007,0.12530323505006177
1011,0.12513799943561982
207,0.12510319317770185
373,0.12390513057397892
1214,0.12313257355337906
1643,0.12287686048013227
2515,0.1219128327653952
2477,0.12158822841379671
1473,0.12120567486798801
1927,0.12110201539703061
1552,0.12082541997333919
28,0.12019905683863259
1870,0.12001996050804517
1217,0.11895301127670921
2639,0.11818004080811638
1121,0.11599902721623018
975,0.11549710221859714
572,0.11504195705608916
894,0.11490310038954445
2454,0.1147589365843696
118,0.11463482587271848
146,0.11328101082857898
868,0.11292596658455674
964,0.11257735884029187
1311,0.11175318346495154
1297,0.10970126339303932
223,0.10920315235009179
1497,0.1091683349586839
1192,0.10837542627185084
2116,0.10821259227351815
683,0.10596103113314025
928,0.10554912943886721
2403,0.10404647532251314
1733,0.10335028847159669
31,0.10296574829297185
1563,0.10126614534065954
2358,0.10090674616916763
2644,0.1006112716348182
2582,0.09999375246409828
54,0.09931663779387172
1457,0.09905660284456393
2195,0.09902419859542365
518,0.09815531537259055
1518,0.09756330464542153
1014,0.09734443070905367
1319,0.09675796431735179
2516,0.09587168141222802
1254,0.09586122325991975
1344,0.09578798645097061
822,0.09564432802211235
1420,0.09481263653963844
183,0.09276927861763051
1601,0.09268463536803005
56,0.09219694436609986
1275,0.09154344897954138
959,0.09031366333481827
840,0.08991856195587589
1015,0.08922388872607337
2072,0.08892161906540115
2464,0.08772876903594946
1854,0.08759812620459512
1470,0.0861960176906671
0,0.0855561183721408
1075,0.08274049478108979
2513,0.0817366203394833
870,0.08058113079535713
2642,0.08040301151316916
1838,0.07776880373089062
153,0.07765316136207588
1175,0.07758405207988624
1973,0.07413203369844297
1708,0.0731414163628026
265,0.07209584047799913
2645,0.07154683789477881
687,0.06593220985751587
1105,0.06569542444632336
1028,0.06560528414784561
2558,0.05781895810151832
1082,0.05005238192683155
1440,0.050040307965111566
393,0.04859380376936295
601,0.048258709626013405
1536,0.036016676600741745
2407,0.033950516814522484
