state,new_confirmed,new_deaths,date
SP,1,0,2020-02-25
SP,0,0,2020-02-26
SP,0,0,2020-02-27
SP,1,0,2020-02-28
SP,0,0,2020-02-29
SP,0,0,2020-03-01
SP,0,0,2020-03-02
SP,0,0,2020-03-03
SP,1,0,2020-03-04
RJ,1,0,2020-03-05
SP,3,0,2020-03-05
BA,1,0,2020-03-06
RJ,1,0,2020-03-06
SP,0,0,2020-03-06
BA,1,0,2020-03-07
DF,1,0,2020-03-07
RJ,0,0,2020-03-07
SP,7,0,2020-03-07
AL,1,0,2020-03-08
BA,0,0,2020-03-08
DF,0,0,2020-03-08
MG,1,0,2020-03-08
RJ,1,0,2020-03-08
SP,3,0,2020-03-08
AL,0,0,2020-03-09
BA,0,0,2020-03-09
DF,0,0,2020-03-09
MG,0,0,2020-03-09
RJ,0,0,2020-03-09
SP,0,0,2020-03-09
AL,0,0,2020-03-10
BA,0,0,2020-03-10
DF,0,0,2020-03-10
MG,0,0,2020-03-10
RJ,0,0,2020-03-10
RS,1,0,2020-03-10
SP,3,0,2020-03-10
AL,0,0,2020-03-11
BA,1,0,2020-03-11
DF,1,0,2020-03-11
MG,0,0,2020-03-11
RJ,0,0,2020-03-11
RS,1,0,2020-03-11
SP,11,0,2020-03-11
AL,0,0,2020-03-12
BA,0,0,2020-03-12
DF,0,0,2020-03-12
GO,3,0,2020-03-12
MG,1,0,2020-03-12
PE,2,0,2020-03-12
PR,6,0,2020-03-12
RJ,12,0,2020-03-12
RN,1,0,2020-03-12
RS,2,0,2020-03-12
SC,2,0,2020-03-12
SP,16,0,2020-03-12
AL,0,0,2020-03-13
AM,2,0,2020-03-13
BA,4,0,2020-03-13
DF,0,0,2020-03-13
GO,0,0,2020-03-13
MG,0,0,2020-03-13
PE,0,0,2020-03-13
PR,0,0,2020-03-13
RJ,0,0,2020-03-13
RN,0,0,2020-03-13
RS,0,0,2020-03-13
SC,1,0,2020-03-13
SP,0,0,2020-03-13
AL,0,0,2020-03-14
AM,0,0,2020-03-14
BA,0,0,2020-03-14
DF,6,0,2020-03-14
GO,1,0,2020-03-14
MG,2,0,2020-03-14
MS,2,0,2020-03-14
PE,4,0,2020-03-14
PR,0,0,2020-03-14
RJ,0,0,2020-03-14
RN,0,0,2020-03-14
RS,0,0,2020-03-14
SC,2,0,2020-03-14
SE,1,0,2020-03-14
SP,19,0,2020-03-14
AL,0,0,2020-03-15
AM,0,0,2020-03-15
BA,2,0,2020-03-15
DF,6,0,2020-03-15
GO,0,0,2020-03-15
MG,0,0,2020-03-15
MS,0,0,2020-03-15
PE,1,0,2020-03-15
PR,0,0,2020-03-15
RJ,9,0,2020-03-15
RN,0,0,2020-03-15
RS,0,0,2020-03-15
SC,1,0,2020-03-15
SE,0,0,2020-03-15
SP,0,0,2020-03-15
AL,0,0,2020-03-16
AM,0,0,2020-03-16
BA,1,0,2020-03-16
CE,9,0,2020-03-16
DF,5,0,2020-03-16
GO,5,0,2020-03-16
MG,2,0,2020-03-16
MS,2,0,2020-03-16
PE,0,0,2020-03-16
PR,0,0,2020-03-16
RJ,1,0,2020-03-16
RN,0,0,2020-03-16
RS,4,0,2020-03-16
SC,1,0,2020-03-16
SE,4,0,2020-03-16
SP,87,0,2020-03-16
AC,3,0,2020-03-17
AL,0,0,2020-03-17
AM,0,0,2020-03-17
BA,4,0,2020-03-17
CE,1,0,2020-03-17
DF,0,0,2020-03-17
GO,1,0,2020-03-17
MG,8,0,2020-03-17
MS,2,0,2020-03-17
PE,9,0,2020-03-17
PR,6,0,2020-03-17
RJ,0,0,2020-03-17
RN,0,0,2020-03-17
RS,0,0,2020-03-17
SC,0,0,2020-03-17
SE,0,0,2020-03-17
SP,12,1,2020-03-17
AC,0,0,2020-03-18
AL,0,0,2020-03-18
AM,0,0,2020-03-18
BA,13,0,2020-03-18
CE,9,0,2020-03-18
DF,15,0,2020-03-18
GO,2,0,2020-03-18
MG,5,0,2020-03-18
MS,1,0,2020-03-18
PA,1,0,2020-03-18
PB,1,0,2020-03-18
PE,1,0,2020-03-18
PR,3,0,2020-03-18
RJ,38,0,2020-03-18
RN,0,0,2020-03-18
RS,11,0,2020-03-18
SC,7,0,2020-03-18
SE,1,0,2020-03-18
SP,77,2,2020-03-18
TO,1,0,2020-03-18
AC,1,0,2020-03-19
AL,3,0,2020-03-19
AM,1,0,2020-03-19
BA,4,0,2020-03-19
CE,0,0,2020-03-19
DF,8,0,2020-03-19
ES,13,0,2020-03-19
GO,2,0,2020-03-19
MG,10,0,2020-03-19
MS,2,0,2020-03-19
PA,0,0,2020-03-19
PB,0,0,2020-03-19
PE,0,0,2020-03-19
PI,3,0,2020-03-19
PR,9,0,2020-03-19
RJ,3,2,2020-03-19
RN,0,0,2020-03-19
RS,12,0,2020-03-19
SC,7,0,2020-03-19
SE,0,0,2020-03-19
SP,50,2,2020-03-19
TO,0,0,2020-03-19
AC,3,0,2020-03-20
AL,2,0,2020-03-20
AM,4,0,2020-03-20
AP,1,0,2020-03-20
BA,3,0,2020-03-20
CE,48,0,2020-03-20
DF,45,0,2020-03-20
ES,3,0,2020-03-20
GO,3,0,2020-03-20
MA,1,0,2020-03-20
MG,10,0,2020-03-20
MS,3,0,2020-03-20
MT,1,0,2020-03-20
PA,1,0,2020-03-20
PB,0,0,2020-03-20
PE,0,0,2020-03-20
PI,1,0,2020-03-20
PR,13,0,2020-03-20
RJ,0,0,2020-03-20
RN,5,0,2020-03-20
RO,1,0,2020-03-20
RS,12,0,2020-03-20
SC,18,0,2020-03-20
SE,1,0,2020-03-20
SP,55,4,2020-03-20
TO,0,0,2020-03-20
AC,4,0,2020-03-21
AL,1,0,2020-03-21
AM,4,0,2020-03-21
AP,0,0,2020-03-21
BA,7,0,2020-03-21
CE,16,0,2020-03-21
DF,21,0,2020-03-21
ES,10,0,2020-03-21
GO,0,0,2020-03-21
MA,1,0,2020-03-21
MG,15,0,2020-03-21
MS,4,0,2020-03-21
MT,0,0,2020-03-21
PA,0,0,2020-03-21
PB,0,0,2020-03-21
PE,13,0,2020-03-21
PI,0,0,2020-03-21
PR,7,0,2020-03-21
RJ,49,1,2020-03-21
RN,3,0,2020-03-21
RO,2,0,2020-03-21
RR,2,0,2020-03-21
RS,26,0,2020-03-21
SC,18,0,2020-03-21
SE,3,0,2020-03-21
SP,0,0,2020-03-21
TO,1,0,2020-03-21
AC,0,0,2020-03-22
AL,0,0,2020-03-22
AM,15,0,2020-03-22
AP,0,0,2020-03-22
BA,14,0,2020-03-22
CE,41,0,2020-03-22
DF,9,0,2020-03-22
ES,0,0,2020-03-22
GO,5,0,2020-03-22
MA,0,0,2020-03-22
MG,0,0,2020-03-22
MS,5,0,2020-03-22
MT,0,0,2020-03-22
PA,2,0,2020-03-22
PB,0,0,2020-03-22
PE,4,0,2020-03-22
PI,2,0,2020-03-22
PR,7,0,2020-03-22
RJ,69,0,2020-03-22
RN,4,0,2020-03-22
RO,0,0,2020-03-22
RR,0,0,2020-03-22
RS,8,0,2020-03-22
SC,11,0,2020-03-22
SE,0,0,2020-03-22
SP,0,0,2020-03-22
TO,3,0,2020-03-22
AC,6,0,2020-03-23
AL,1,0,2020-03-23
AM,6,0,2020-03-23
AP,0,0,2020-03-23
BA,8,0,2020-03-23
CE,38,0,2020-03-23
DF,21,0,2020-03-23
ES,7,0,2020-03-23
GO,2,0,2020-03-23
MA,6,0,2020-03-23
MG,49,0,2020-03-23
MS,0,0,2020-03-23
MT,5,0,2020-03-23
PA,1,0,2020-03-23
PB,1,0,2020-03-23
PE,5,0,2020-03-23
PI,0,0,2020-03-23
PR,6,0,2020-03-23
RJ,47,1,2020-03-23
RN,0,0,2020-03-23
RO,0,0,2020-03-23
RR,0,0,2020-03-23
RS,21,0,2020-03-23
SC,18,0,2020-03-23
SE,0,0,2020-03-23
SP,0,0,2020-03-23
TO,2,0,2020-03-23
AC,4,0,2020-03-24
AL,2,0,2020-03-24
AM,15,1,2020-03-24
AP,0,0,2020-03-24
BA,13,0,2020-03-24
CE,21,0,2020-03-24
DF,23,0,2020-03-24
ES,6,0,2020-03-24
GO,6,0,2020-03-24
MA,0,0,2020-03-24
MG,28,0,2020-03-24
MS,3,0,2020-03-24
MT,1,0,2020-03-24
PA,0,0,2020-03-24
PB,1,0,2020-03-24
PE,0,0,2020-03-24
PI,2,0,2020-03-24
PR,9,0,2020-03-24
RJ,72,2,2020-03-24
RN,1,0,2020-03-24
RO,2,0,2020-03-24
RR,6,0,2020-03-24
RS,16,0,2020-03-24
SC,23,0,2020-03-24
SE,5,0,2020-03-24
SP,0,0,2020-03-24
TO,0,0,2020-03-24
AC,2,0,2020-03-25
AL,1,0,2020-03-25
AM,7,0,2020-03-25
AP,1,0,2020-03-25
BA,12,0,2020-03-25
CE,26,0,2020-03-25
DF,34,0,2020-03-25
ES,0,0,2020-03-25
GO,3,0,2020-03-25
MA,0,0,2020-03-25
MG,3,0,2020-03-25
MS,0,0,2020-03-25
MT,2,0,2020-03-25
PA,2,0,2020-03-25
PB,2,0,2020-03-25
PE,3,1,2020-03-25
PI,1,0,2020-03-25
PR,28,0,2020-03-25
RJ,67,2,2020-03-25
RN,0,0,2020-03-25
RO,0,0,2020-03-25
RR,0,0,2020-03-25
RS,51,1,2020-03-25
SC,14,0,2020-03-25
SE,1,0,2020-03-25
SP,483,39,2020-03-25
TO,0,0,2020-03-25
AC,0,0,2020-03-26
AL,0,0,2020-03-26
AM,13,0,2020-03-26
AP,0,0,2020-03-26
BA,13,0,2020-03-26
CE,28,3,2020-03-26
DF,0,0,2020-03-26
ES,8,0,2020-03-26
GO,6,1,2020-03-26
MA,2,0,2020-03-26
MG,17,0,2020-03-26
MS,1,0,2020-03-26
MT,2,0,2020-03-26
PA,6,0,2020-03-26
PB,1,0,2020-03-26
PE,2,1,2020-03-26
PI,0,0,2020-03-26
PR,9,0,2020-03-26
RJ,51,1,2020-03-26
RN,5,0,2020-03-26
RO,1,0,2020-03-26
RR,2,0,2020-03-26
RS,29,0,2020-03-26
SC,28,1,2020-03-26
SE,0,0,2020-03-26
SP,200,10,2020-03-26
TO,1,0,2020-03-26
AC,2,0,2020-03-27
AL,1,0,2020-03-27
AM,14,0,2020-03-27
AP,1,0,2020-03-27
BA,22,0,2020-03-27
CE,45,0,2020-03-27
DF,40,0,2020-03-27
ES,6,0,2020-03-27
GO,6,0,2020-03-27
MA,3,0,2020-03-27
MG,36,0,2020-03-27
MS,3,0,2020-03-27
MT,0,0,2020-03-27
PA,3,0,2020-03-27
PB,4,0,2020-03-27
PE,9,1,2020-03-27
PI,1,1,2020-03-27
PR,19,2,2020-03-27
RJ,73,1,2020-03-27
RN,9,0,2020-03-27
RO,0,0,2020-03-27
RR,2,0,2020-03-27
RS,7,1,2020-03-27
SC,14,0,2020-03-27
SE,0,0,2020-03-27
SP,166,10,2020-03-27
TO,1,0,2020-03-27
AC,0,0,2020-03-28
AL,2,0,2020-03-28
AM,30,0,2020-03-28
AP,1,0,2020-03-28
BA,5,0,2020-03-28
CE,40,1,2020-03-28
DF,14,0,2020-03-28
ES,7,0,2020-03-28
GO,12,0,2020-03-28
MA,2,0,2020-03-28
MG,18,0,2020-03-28
MS,3,0,2020-03-28
MT,0,0,2020-03-28
PA,2,0,2020-03-28
PB,4,0,2020-03-28
PE,11,1,2020-03-28
PI,1,0,2020-03-28
PR,13,0,2020-03-28
RJ,65,3,2020-03-28
RN,39,1,2020-03-28
RO,0,0,2020-03-28
RR,4,0,2020-03-28
RS,3,0,2020-03-28
SC,21,0,2020-03-28
SE,0,0,2020-03-28
SP,0,0,2020-03-28
TO,0,0,2020-03-28
AC,9,0,2020-03-29
AL,0,0,2020-03-29
AM,29,0,2020-03-29
AP,4,0,2020-03-29
BA,29,1,2020-03-29
CE,37,1,2020-03-29
DF,45,1,2020-03-29
ES,11,0,2020-03-29
GO,0,0,2020-03-29
MA,6,1,2020-03-29
MG,26,0,2020-03-29
MS,5,0,2020-03-29
MT,0,0,2020-03-29
PA,2,0,2020-03-29
PB,0,0,2020-03-29
PE,5,0,2020-03-29
PI,0,0,2020-03-29
PR,15,0,2020-03-29
RJ,42,4,2020-03-29
RN,0,0,2020-03-29
RO,0,0,2020-03-29
RR,0,0,2020-03-29
RS,30,0,2020-03-29
SC,13,0,2020-03-29
SE,0,0,2020-03-29
SP,0,0,2020-03-29
TO,1,0,2020-03-29
AC,7,0,2020-03-30
AL,0,0,2020-03-30
AM,11,1,2020-03-30
AP,0,0,2020-03-30
BA,20,1,2020-03-30
CE,23,0,2020-03-30
DF,15,1,2020-03-30
ES,13,0,2020-03-30
GO,4,0,2020-03-30
MA,9,0,2020-03-30
MG,30,1,2020-03-30
MS,8,0,2020-03-30
MT,7,0,2020-03-30
PA,6,0,2020-03-30
PB,3,0,2020-03-30
PE,4,1,2020-03-30
PI,7,3,2020-03-30
PR,9,1,2020-03-30
RJ,57,1,2020-03-30
RN,8,0,2020-03-30
RO,2,1,2020-03-30
RR,0,0,2020-03-30
RS,24,2,2020-03-30
SC,22,1,2020-03-30
SE,2,0,2020-03-30
SP,291,45,2020-03-30
TO,1,0,2020-03-30
AC,1,0,2020-03-31
AL,1,1,2020-03-31
AM,24,1,2020-03-31
AP,2,0,2020-03-31
BA,41,0,2020-03-31
CE,19,2,2020-03-31
DF,20,1,2020-03-31
ES,12,0,2020-03-31
GO,6,0,2020-03-31
MA,21,0,2020-03-31
MG,12,1,2020-03-31
MS,4,1,2020-03-31
MT,7,0,2020-03-31
PA,8,0,2020-03-31
PB,1,1,2020-03-31
PE,10,0,2020-03-31
PI,0,0,2020-03-31
PR,24,0,2020-03-31
RJ,51,5,2020-03-31
RN,7,0,2020-03-31
RO,1,0,2020-03-31
RR,0,0,2020-03-31
RS,51,0,2020-03-31
SC,16,0,2020-03-31
SE,1,0,2020-03-31
SP,817,23,2020-03-31
TO,1,0,2020-03-31
AC,1,0,2020-04-01
AL,0,0,2020-04-01
AM,25,0,2020-04-01
AP,1,0,2020-04-01
BA,30,0,2020-04-01
CE,44,2,2020-04-01
DF,24,1,2020-04-01
ES,25,0,2020-04-01
GO,8,0,2020-04-01
MA,19,0,2020-04-01
MG,43,1,2020-04-01
MS,3,0,2020-04-01
MT,3,0,2020-04-01
PA,7,1,2020-04-01
PB,3,0,2020-04-01
PE,8,2,2020-04-01
PI,1,0,2020-04-01
PR,45,0,2020-04-01
RJ,124,5,2020-04-01
RN,11,1,2020-04-01
RO,0,0,2020-04-01
RR,10,0,2020-04-01
RS,11,1,2020-04-01
SC,12,0,2020-04-01
SE,3,0,2020-04-01
SP,636,29,2020-04-01
TO,0,0,2020-04-01
AC,2,0,2020-04-02
AL,0,0,2020-04-02
AM,29,0,2020-04-02
AP,1,0,2020-04-02
BA,21,1,2020-04-02
CE,121,0,2020-04-02
DF,44,1,2020-04-02
ES,19,2,2020-04-02
GO,1,0,2020-04-02
MA,10,0,2020-04-02
MG,59,1,2020-04-02
MS,2,0,2020-04-02
MT,13,0,2020-04-02
PA,8,0,2020-04-02
PB,8,0,2020-04-02
PE,11,1,2020-04-02
PI,0,0,2020-04-02
PR,28,1,2020-04-02
RJ,154,13,2020-04-02
RN,13,0,2020-04-02
RO,1,0,2020-04-02
RR,4,0,2020-04-02
RS,70,0,2020-04-02
SC,34,3,2020-04-02
SE,2,2,2020-04-02
SP,521,25,2020-04-02
TO,0,0,2020-04-02
AC,1,0,2020-04-03
AL,5,1,2020-04-03
AM,31,4,2020-04-03
AP,7,0,2020-04-03
BA,23,3,2020-04-03
CE,82,22,2020-04-03
DF,9,1,2020-04-03
ES,14,3,2020-04-03
GO,14,1,2020-04-03
MA,7,0,2020-04-03
MG,31,2,2020-04-03
MS,7,0,2020-04-03
MT,3,1,2020-04-03
PA,26,0,2020-04-03
PB,3,0,2020-04-03
PE,30,1,2020-04-03
PI,3,0,2020-04-03
PR,49,1,2020-04-03
RJ,89,6,2020-04-03
RN,69,2,2020-04-03
RO,0,0,2020-04-03
RR,7,1,2020-04-03
RS,24,1,2020-04-03
SC,20,0,2020-04-03
SE,3,0,2020-04-03
SP,550,33,2020-04-03
TO,1,0,2020-04-03
AC,0,0,2020-04-04
AL,0,0,2020-04-04
AM,51,5,2020-04-04
AP,10,1,2020-04-04
BA,46,1,2020-04-04
CE,85,1,2020-04-04
DF,36,1,2020-04-04
ES,13,1,2020-04-04
GO,17,0,2020-04-04
MA,8,1,2020-04-04
MG,27,0,2020-04-04
MS,2,0,2020-04-04
MT,16,0,2020-04-04
PA,7,0,2020-04-04
PB,2,2,2020-04-04
PE,39,4,2020-04-04
PI,2,0,2020-04-04
PR,95,2,2020-04-04
RJ,172,11,2020-04-04
RN,0,0,2020-04-04
RO,1,0,2020-04-04
RR,5,0,2020-04-04
RS,8,1,2020-04-04
SC,54,5,2020-04-04
SE,5,1,2020-04-04
SP,412,43,2020-04-04
TO,3,0,2020-04-04
AC,2,0,2020-04-05
AL,4,0,2020-04-05
AM,106,3,2020-04-05
AP,3,0,2020-04-05
BA,65,2,2020-04-05
CE,228,12,2020-04-05
DF,10,0,2020-04-05
ES,28,0,2020-04-05
GO,12,1,2020-04-05
MA,37,0,2020-04-05
MG,67,0,2020-04-05
MS,3,0,2020-04-05
MT,0,0,2020-04-05
PA,4,0,2020-04-05
PB,1,1,2020-04-05
PE,25,7,2020-04-05
PI,0,0,2020-04-05
PR,45,3,2020-04-05
RJ,148,6,2020-04-05
RN,70,3,2020-04-05
RO,3,0,2020-04-05
RR,0,0,2020-04-05
RS,50,1,2020-04-05
SC,23,0,2020-04-05
SE,0,0,2020-04-05
SP,162,15,2020-04-05
TO,1,0,2020-04-05
AC,2,1,2020-04-06
AL,3,0,2020-04-06
AM,115,4,2020-04-06
AP,7,1,2020-04-06
BA,37,1,2020-04-06
CE,83,2,2020-04-06
DF,14,3,2020-04-06
ES,15,0,2020-04-06
GO,6,2,2020-04-06
MA,39,2,2020-04-06
MG,25,3,2020-04-06
MS,1,0,2020-04-06
MT,14,0,2020-04-06
PA,37,4,2020-04-06
PB,1,0,2020-04-06
PE,22,9,2020-04-06
PI,2,0,2020-04-06
PR,19,4,2020-04-06
RJ,69,7,2020-04-06
RN,0,0,2020-04-06
RO,4,0,2020-04-06
RR,0,0,2020-04-06
RS,34,1,2020-04-06
SC,42,1,2020-04-06
SE,0,1,2020-04-06
SP,244,29,2020-04-06
TO,2,0,2020-04-06
AC,0,1,2020-04-07
AL,2,0,2020-04-07
AM,105,4,2020-04-07
AP,12,0,2020-04-07
BA,27,4,2020-04-07
CE,136,4,2020-04-07
DF,24,2,2020-04-07
ES,18,0,2020-04-07
GO,14,0,2020-04-07
MA,58,7,2020-04-07
MG,34,2,2020-04-07
MS,14,1,2020-04-07
MT,2,0,2020-04-07
PA,31,0,2020-04-07
PB,5,0,2020-04-07
PE,128,4,2020-04-07
PI,5,1,2020-04-07
PR,45,1,2020-04-07
RJ,227,18,2020-04-07
RN,9,1,2020-04-07
RO,5,0,2020-04-07
RR,7,0,2020-04-07
RS,54,0,2020-04-07
SC,41,4,2020-04-07
SE,4,0,2020-04-07
SP,816,67,2020-04-07
TO,0,0,2020-04-07
AC,8,0,2020-04-08
AL,3,0,2020-04-08
AM,169,7,2020-04-08
AP,56,0,2020-04-08
BA,54,4,2020-04-08
CE,209,17,2020-04-08
DF,6,0,2020-04-08
ES,46,0,2020-04-08
GO,22,2,2020-04-08
MA,43,1,2020-04-08
MG,52,3,2020-04-08
MS,5,0,2020-04-08
MT,13,0,2020-04-08
PA,11,1,2020-04-08
PB,14,3,2020-04-08
PE,49,12,2020-04-08
PI,7,1,2020-04-08
PR,36,2,2020-04-08
RJ,250,17,2020-04-08
RN,3,3,2020-04-08
RO,3,0,2020-04-08
RR,3,0,2020-04-08
RS,26,2,2020-04-08
SC,43,2,2020-04-08
SE,3,0,2020-04-08
SP,1019,59,2020-04-08
TO,4,0,2020-04-08
AC,4,0,2020-04-09
AL,0,1,2020-04-09
AM,95,10,2020-04-09
AP,3,0,2020-04-09
BA,53,2,2020-04-09
CE,51,0,2020-04-09
DF,14,1,2020-04-09
ES,27,1,2020-04-09
GO,20,0,2020-04-09
MA,22,4,2020-04-09
MG,38,1,2020-04-09
MS,4,0,2020-04-09
MT,17,1,2020-04-09
PA,4,1,2020-04-09
PB,24,4,2020-04-09
PE,154,10,2020-04-09
PI,2,1,2020-04-09
PR,71,6,2020-04-09
RJ,278,16,2020-04-09
RN,0,0,2020-04-09
RO,2,1,2020-04-09
RR,11,1,2020-04-09
RS,55,4,2020-04-09
SC,193,1,2020-04-09
SE,1,0,2020-04-09
SP,769,67,2020-04-09
TO,0,0,2020-04-09
AC,8,0,2020-04-10
AL,7,0,2020-04-10
AM,82,10,2020-04-10
AP,56,0,2020-04-10
BA,48,0,2020-04-10
CE,102,10,2020-04-10
DF,32,1,2020-04-10
ES,49,1,2020-04-10
GO,13,1,2020-04-10
MA,51,5,2020-04-10
MG,46,2,2020-04-10
MS,8,0,2020-04-10
MT,4,0,2020-04-10
PA,48,2,2020-04-10
PB,7,0,2020-04-10
PE,128,9,2020-04-10
PI,1,0,2020-04-10
PR,36,2,2020-04-10
RJ,250,25,2020-04-10
RN,3,0,2020-04-10
RO,4,0,2020-04-10
RR,12,1,2020-04-10
RS,5,1,2020-04-10
SC,28,0,2020-04-10
SE,2,0,2020-04-10
SP,733,45,2020-04-10
TO,0,0,2020-04-10
AC,2,0,2020-04-11
AL,3,0,2020-04-11
AM,72,3,2020-04-11
AP,27,3,2020-04-11
BA,24,2,2020-04-11
CE,110,7,2020-04-11
DF,27,0,2020-04-11
ES,34,1,2020-04-11
GO,18,2,2020-04-11
MA,54,3,2020-04-11
MG,53,0,2020-04-11
MS,3,0,2020-04-11
MT,9,1,2020-04-11
PA,23,2,2020-04-11
PB,16,2,2020-04-11
PE,132,7,2020-04-11
PI,3,0,2020-04-11
PR,35,1,2020-04-11
RJ,143,8,2020-04-11
RN,28,2,2020-04-11
RO,2,0,2020-04-11
RR,4,0,2020-04-11
RS,13,1,2020-04-11
SC,13,3,2020-04-11
SE,2,0,2020-04-11
SP,229,20,2020-04-11
TO,2,0,2020-04-11
AC,5,0,2020-04-12
AL,0,0,2020-04-12
AM,156,9,2020-04-12
AP,44,0,2020-04-12
BA,34,0,2020-04-12
CE,79,2,2020-04-12
DF,31,0,2020-04-12
ES,47,5,2020-04-12
GO,23,4,2020-04-12
MA,47,3,2020-04-12
MG,62,3,2020-04-12
MS,1,0,2020-04-12
MT,2,0,2020-04-12
PA,22,3,2020-04-12
PB,10,0,2020-04-12
PE,144,13,2020-04-12
PI,7,0,2020-04-12
PR,62,4,2020-04-12
RJ,248,15,2020-04-12
RN,52,4,2020-04-12
RO,8,0,2020-04-12
RR,4,0,2020-04-12
RS,11,0,2020-04-12
SC,45,3,2020-04-12
SE,0,0,2020-04-12
SP,329,28,2020-04-12
TO,1,0,2020-04-12
AC,13,1,2020-04-13
AL,10,1,2020-04-13
AM,70,9,2020-04-13
AP,7,1,2020-04-13
BA,49,1,2020-04-13
CE,184,24,2020-04-13
DF,22,1,2020-04-13
ES,34,3,2020-04-13
GO,6,1,2020-04-13
MA,33,5,2020-04-13
MG,10,3,2020-04-13
MS,12,2,2020-04-13
MT,11,1,2020-04-13
PA,51,0,2020-04-13
PB,25,3,2020-04-13
PE,195,17,2020-04-13
PI,7,1,2020-04-13
PR,22,2,2020-04-13
RJ,366,12,2020-04-13
RN,35,1,2020-04-13
RO,0,0,2020-04-13
RR,30,0,2020-04-13
RS,24,1,2020-04-13
SC,51,2,2020-04-13
SE,1,0,2020-04-13
SP,137,20,2020-04-13
TO,0,0,2020-04-13
AC,9,0,2020-04-14
AL,14,0,2020-04-14
AM,210,22,2020-04-14
AP,64,1,2020-04-14
BA,53,4,2020-04-14
CE,135,12,2020-04-14
DF,12,2,2020-04-14
ES,94,1,2020-04-14
GO,51,0,2020-04-14
MA,152,2,2020-04-14
MG,71,4,2020-04-14
MS,2,0,2020-04-14
MT,4,0,2020-04-14
PA,74,7,2020-04-14
PB,16,5,2020-04-14
PE,130,13,2020-04-14
PI,17,0,2020-04-14
PR,35,6,2020-04-14
RJ,190,42,2020-04-14
RN,27,1,2020-04-14
RO,27,0,2020-04-14
RR,1,0,2020-04-14
RS,35,1,2020-04-14
SC,27,2,2020-04-14
SE,1,0,2020-04-14
SP,475,87,2020-04-14
TO,1,0,2020-04-14
AC,2,1,2020-04-15
AL,11,1,2020-04-15
AM,70,16,2020-04-15
AP,32,0,2020-04-15
BA,109,2,2020-04-15
CE,213,13,2020-04-15
DF,32,0,2020-04-15
ES,178,3,2020-04-15
GO,21,0,2020-04-15
MA,65,3,2020-04-15
MG,19,3,2020-04-15
MS,6,0,2020-04-15
MT,12,0,2020-04-15
PA,103,0,2020-04-15
PB,13,3,2020-04-15
PE,197,28,2020-04-15
PI,17,0,2020-04-15
PR,14,2,2020-04-15
RJ,333,41,2020-04-15
RN,1,1,2020-04-15
RO,4,0,2020-04-15
RR,28,0,2020-04-15
RS,42,1,2020-04-15
SC,35,1,2020-04-15
SE,2,0,2020-04-15
SP,1673,83,2020-04-15
TO,3,1,2020-04-15
AC,14,1,2020-04-16
AL,6,0,2020-04-16
AM,165,18,2020-04-16
AP,22,3,2020-04-16
BA,83,6,2020-04-16
CE,152,4,2020-04-16
DF,32,3,2020-04-16
ES,184,7,2020-04-16
GO,15,1,2020-04-16
MA,102,3,2020-04-16
MG,55,3,2020-04-16
MS,10,1,2020-04-16
MT,5,1,2020-04-16
PA,70,5,2020-04-16
PB,30,2,2020-04-16
PE,202,17,2020-04-16
PI,11,0,2020-04-16
PR,31,1,2020-04-16
RJ,202,36,2020-04-16
RN,63,3,2020-04-16
RO,19,1,2020-04-16
RR,22,0,2020-04-16
RS,30,2,2020-04-16
SC,45,2,2020-04-16
SE,5,0,2020-04-16
SP,565,75,2020-04-16
TO,2,0,2020-04-16
AC,20,0,2020-04-17
AL,21,2,2020-04-17
AM,92,21,2020-04-17
AP,13,0,2020-04-17
BA,95,1,2020-04-17
CE,327,31,2020-04-17
DF,28,4,2020-04-17
ES,17,0,2020-04-17
GO,17,0,2020-04-17
MA,243,4,2020-04-17
MG,66,2,2020-04-17
MS,12,0,2020-04-17
MT,6,0,2020-04-17
PA,70,6,2020-04-17
PB,10,2,2020-04-17
PE,322,26,2020-04-17
PI,21,1,2020-04-17
PR,42,1,2020-04-17
RJ,405,41,2020-04-17
RN,54,1,2020-04-17
RO,18,0,2020-04-17
RR,37,0,2020-04-17
RS,39,3,2020-04-17
SC,37,1,2020-04-17
SE,5,0,2020-04-17
SP,1274,77,2020-04-17
TO,1,0,2020-04-17
AC,7,1,2020-04-18
AL,21,2,2020-04-18
AM,91,16,2020-04-18
AP,25,0,2020-04-18
BA,136,4,2020-04-18
CE,316,25,2020-04-18
DF,38,0,2020-04-18
ES,125,2,2020-04-18
GO,43,2,2020-04-18
MA,167,4,2020-04-18
MG,56,4,2020-04-18
MS,18,0,2020-04-18
MT,9,0,2020-04-18
PA,14,1,2020-04-18
PB,31,1,2020-04-18
PE,187,19,2020-04-18
PI,21,1,2020-04-18
PR,71,5,2020-04-18
RJ,194,46,2020-04-18
RN,45,2,2020-04-18
RO,18,1,2020-04-18
RR,21,0,2020-04-18
RS,23,0,2020-04-18
SC,13,1,2020-04-18
SE,13,1,2020-04-18
SP,1057,65,2020-04-18
TO,1,0,2020-04-18
AC,21,0,2020-04-19
AL,27,5,2020-04-19
AM,147,21,2020-04-19
AP,16,1,2020-04-19
BA,51,5,2020-04-19
CE,196,9,2020-04-19
DF,43,0,2020-04-19
ES,93,4,2020-04-19
GO,17,0,2020-04-19
MA,116,6,2020-04-19
MG,77,0,2020-04-19
MS,7,0,2020-04-19
MT,3,0,2020-04-19
PA,44,1,2020-04-19
PB,10,3,2020-04-19
PE,268,11,2020-04-19
PI,14,2,2020-04-19
PR,45,3,2020-04-19
RJ,145,15,2020-04-19
RN,36,1,2020-04-19
RO,32,0,2020-04-19
RR,22,0,2020-04-19
RS,15,2,2020-04-19
SC,50,3,2020-04-19
SE,15,0,2020-04-19
SP,382,24,2020-04-19
TO,1,0,2020-04-19
AC,13,2,2020-04-20
AL,12,3,2020-04-20
AM,116,4,2020-04-20
AP,19,2,2020-04-20
BA,127,2,2020-04-20
CE,183,17,2020-04-20
DF,34,0,2020-04-20
ES,15,0,2020-04-20
GO,11,1,2020-04-20
MA,90,6,2020-04-20
MG,39,2,2020-04-20
MS,3,0,2020-04-20
MT,7,1,2020-04-20
PA,216,1,2020-04-20
PB,18,1,2020-04-20
PE,233,18,2020-04-20
PI,28,2,2020-04-20
PR,20,1,2020-04-20
RJ,225,20,2020-04-20
RN,13,1,2020-04-20
RO,39,0,2020-04-20
RR,3,0,2020-04-20
RS,35,1,2020-04-20
SC,39,0,2020-04-20
SE,6,0,2020-04-20
SP,314,23,2020-04-20
TO,1,1,2020-04-20
AC,19,0,2020-04-21
AL,40,1,2020-04-21
AM,110,9,2020-04-21
AP,31,0,2020-04-21
BA,136,1,2020-04-21
CE,264,15,2020-04-21
DF,37,0,2020-04-21
ES,94,0,2020-04-21
GO,19,0,2020-04-21
MA,194,6,2020-04-21
MG,41,3,2020-04-21
MS,2,1,2020-04-21
MT,0,0,2020-04-21
PA,124,3,2020-04-21
PB,38,6,2020-04-21
PE,220,26,2020-04-21
PI,20,1,2020-04-21
PR,22,2,2020-04-21
RJ,407,37,2020-04-21
RN,38,1,2020-04-21
RO,29,1,2020-04-21
RR,33,0,2020-04-21
RS,14,0,2020-04-21
SC,28,2,2020-04-21
SE,25,2,2020-04-21
SP,806,57,2020-04-21
TO,1,0,2020-04-21
AC,19,0,2020-04-22
AL,33,1,2020-04-22
AM,209,13,2020-04-22
AP,26,1,2020-04-22
BA,141,5,2020-04-22
CE,433,17,2020-04-22
DF,44,1,2020-04-22
ES,28,3,2020-04-22
GO,17,2,2020-04-22
MA,153,10,2020-04-22
MG,52,3,2020-04-22
MS,2,0,2020-04-22
MT,24,0,2020-04-22
PA,175,5,2020-04-22
PB,44,1,2020-04-22
PE,391,22,2020-04-22
PI,11,0,2020-04-22
PR,38,5,2020-04-22
RJ,241,31,2020-04-22
RN,62,5,2020-04-22
RO,0,0,2020-04-22
RR,17,0,2020-04-22
RS,53,1,2020-04-22
SC,24,2,2020-04-22
SE,1,0,2020-04-22
SP,530,41,2020-04-22
TO,1,0,2020-04-22
AC,13,2,2020-04-23
AL,81,2,2020-04-23
AM,411,28,2020-04-23
AP,63,2,2020-04-23
BA,199,9,2020-04-23
CE,587,32,2020-04-23
DF,8,1,2020-04-23
ES,92,6,2020-04-23
GO,14,2,2020-04-23
MA,194,12,2020-04-23
MG,36,5,2020-04-23
MS,11,1,2020-04-23
MT,15,1,2020-04-23
PA,72,10,2020-04-23
PB,41,4,2020-04-23
PE,308,30,2020-04-23
PI,39,1,2020-04-23
PR,19,2,2020-04-23
RJ,627,39,2020-04-23
RN,45,3,2020-04-23
RO,28,0,2020-04-23
RR,7,0,2020-04-23
RS,70,1,2020-04-23
SC,54,3,2020-04-23
SE,17,1,2020-04-23
SP,826,213,2020-04-23
TO,6,0,2020-04-23
AC,7,1,2020-04-24
AL,88,5,2020-04-24
AM,309,21,2020-04-24
AP,93,2,2020-04-24
BA,132,5,2020-04-24
CE,414,24,2020-04-24
DF,38,0,2020-04-24
ES,196,4,2020-04-24
GO,33,0,2020-04-24
MA,158,12,2020-04-24
MG,111,4,2020-04-24
MS,27,0,2020-04-24
MT,20,1,2020-04-24
PA,313,33,2020-04-24
PB,61,2,2020-04-24
PE,15,36,2020-04-24
PI,43,1,2020-04-24
PR,37,5,2020-04-24
RJ,112,41,2020-04-24
RN,27,2,2020-04-24
RO,40,0,2020-04-24
RR,41,0,2020-04-24
RS,58,5,2020-04-24
SC,37,0,2020-04-24
SE,10,0,2020-04-24
SP,1114,169,2020-04-24
TO,7,0,2020-04-24
AC,24,0,2020-04-25
AL,88,2,2020-04-25
AM,443,33,2020-04-25
AP,41,2,2020-04-25
BA,137,5,2020-04-25
CE,607,33,2020-04-25
DF,12,1,2020-04-25
ES,37,5,2020-04-25
GO,20,1,2020-04-25
MA,121,12,2020-04-25
MG,65,4,2020-04-25
MS,4,0,2020-04-25
MT,5,1,2020-04-25
PA,166,9,2020-04-25
PB,52,3,2020-04-25
PE,273,34,2020-04-25
PI,34,1,2020-04-25
PR,21,4,2020-04-25
RJ,546,46,2020-04-25
RN,44,4,2020-04-25
RO,38,1,2020-04-25
RR,56,1,2020-04-25
RS,70,1,2020-04-25
SC,25,0,2020-04-25
SE,9,1,2020-04-25
SP,2179,157,2020-04-25
TO,8,0,2020-04-25
AC,21,0,2020-04-26
AL,58,3,2020-04-26
AM,198,17,2020-04-26
AP,132,3,2020-04-26
BA,133,2,2020-04-26
CE,594,50,2020-04-26
DF,95,0,2020-04-26
ES,115,5,2020-04-26
GO,67,0,2020-04-26
MA,187,13,2020-04-26
MG,65,3,2020-04-26
MS,17,0,2020-04-26
MT,3,0,2020-04-26
PA,327,19,2020-04-26
PB,44,1,2020-04-26
PE,1583,37,2020-04-26
PI,33,2,2020-04-26
PR,16,4,2020-04-26
RJ,283,30,2020-04-26
RN,8,1,2020-04-26
RO,36,3,2020-04-26
RR,6,0,2020-04-26
RS,42,3,2020-04-26
SC,100,1,2020-04-26
SE,21,0,2020-04-26
SP,712,33,2020-04-26
TO,9,0,2020-04-26
AC,22,3,2020-04-27
AL,82,2,2020-04-27
AM,95,18,2020-04-27
AP,21,3,2020-04-27
BA,109,9,2020-04-27
CE,521,25,2020-04-27
DF,68,1,2020-04-27
ES,121,6,2020-04-27
GO,42,2,2020-04-27
MA,118,20,2020-04-27
MG,39,1,2020-04-27
MS,4,2,2020-04-27
MT,6,0,2020-04-27
PA,149,8,2020-04-27
PB,90,3,2020-04-27
PE,458,36,2020-04-27
PI,45,1,2020-04-27
PR,33,2,2020-04-27
RJ,833,33,2020-04-27
RN,24,3,2020-04-27
RO,29,0,2020-04-27
RR,24,0,2020-04-27
RS,48,7,2020-04-27
SC,141,1,2020-04-27
SE,36,2,2020-04-27
SP,1061,125,2020-04-27
TO,12,0,2020-04-27
AC,16,2,2020-04-28
AL,134,2,2020-04-28
AM,409,31,2020-04-28
AP,76,2,2020-04-28
BA,208,10,2020-04-28
CE,208,20,2020-04-28
DF,39,0,2020-04-28
ES,220,14,2020-04-28
GO,46,0,2020-04-28
MA,279,21,2020-04-28
MG,64,9,2020-04-28
MS,2,0,2020-04-28
MT,7,1,2020-04-28
PA,100,10,2020-04-28
PB,65,4,2020-04-28
PE,366,58,2020-04-28
PI,48,3,2020-04-28
PR,85,2,2020-04-28
RJ,562,61,2020-04-28
RN,230,6,2020-04-28
RO,20,1,2020-04-28
RR,0,0,2020-04-28
RS,94,4,2020-04-28
SC,504,0,2020-04-28
SE,70,0,2020-04-28
SP,2351,224,2020-04-28
TO,37,0,2020-04-28
AC,37,2,2020-04-29
AL,180,5,2020-04-29
AM,465,29,2020-04-29
AP,98,3,2020-04-29
BA,112,7,2020-04-29
CE,429,33,2020-04-29
DF,79,0,2020-04-29
ES,368,7,2020-04-29
GO,44,0,2020-04-29
MA,388,18,2020-04-29
MG,108,9,2020-04-29
MS,9,0,2020-04-29
MT,29,0,2020-04-29
PA,267,24,2020-04-29
PB,117,5,2020-04-29
PE,472,30,2020-04-29
PI,60,0,2020-04-29
PR,77,5,2020-04-29
RJ,367,56,2020-04-29
RN,97,2,2020-04-29
RO,21,4,2020-04-29
RR,1,0,2020-04-29
RS,70,2,2020-04-29
SC,89,2,2020-04-29
SE,0,0,2020-04-29
SP,2125,198,2020-04-29
TO,21,1,2020-04-29
AC,50,1,2020-04-30
AL,90,6,2020-04-30
AM,453,45,2020-04-30
AP,64,3,2020-04-30
BA,191,6,2020-04-30
CE,452,43,2020-04-30
DF,105,2,2020-04-30
ES,142,9,2020-04-30
GO,77,2,2020-04-30
MA,317,20,2020-04-30
MG,68,2,2020-04-30
MS,6,0,2020-04-30
MT,10,0,2020-04-30
PA,413,68,2020-04-30
PB,112,5,2020-04-30
PE,684,28,2020-04-30
PI,91,0,2020-04-30
PR,61,4,2020-04-30
RJ,585,60,2020-04-30
RN,126,0,2020-04-30
RO,68,1,2020-04-30
RR,93,3,2020-04-30
RS,109,7,2020-04-30
SC,308,2,2020-04-30
SE,173,3,2020-04-30
SP,2542,128,2020-04-30
TO,27,0,2020-04-30
AC,83,0,2020-05-01
AL,181,6,2020-05-01
AM,469,51,2020-05-01
AP,41,3,2020-05-01
BA,278,11,2020-05-01
CE,137,47,2020-05-01
DF,116,1,2020-05-01
ES,224,8,2020-05-01
GO,9,0,2020-05-01
MA,299,20,2020-05-01
MG,111,6,2020-05-01
MS,6,0,2020-05-01
MT,17,0,2020-05-01
PA,361,39,2020-05-01
PB,109,7,2020-05-01
PE,460,37,2020-05-01
PI,65,2,2020-05-01
PR,43,3,2020-05-01
RJ,713,67,2020-05-01
RN,69,2,2020-05-01
RO,87,3,2020-05-01
RR,0,0,2020-05-01
RS,92,4,2020-05-01
SC,0,2,2020-05-01
SE,66,0,2020-05-01
SP,1713,137,2020-05-01
TO,27,1,2020-05-01
AC,69,3,2020-05-02
AL,145,5,2020-05-02
AM,339,25,2020-05-02
AP,66,3,2020-05-02
BA,175,7,2020-05-02
CE,303,98,2020-05-02
DF,63,1,2020-05-02
ES,187,3,2020-05-02
GO,15,1,2020-05-02
MA,235,13,2020-05-02
MG,88,0,2020-05-02
MS,5,0,2020-05-02
MT,13,1,2020-05-02
PA,368,43,2020-05-02
PB,150,2,2020-05-02
PE,810,25,2020-05-02
PI,77,2,2020-05-02
PR,46,1,2020-05-02
RJ,380,50,2020-05-02
RN,25,2,2020-05-02
RO,69,5,2020-05-02
RR,0,0,2020-05-02
RS,48,3,2020-05-02
SC,243,2,2020-05-02
SE,84,0,2020-05-02
SP,802,75,2020-05-02
TO,56,0,2020-05-02
AC,105,3,2020-05-03
AL,70,6,2020-05-03
AM,621,48,2020-05-03
AP,295,3,2020-05-03
BA,250,4,2020-05-03
CE,79,39,2020-05-03
DF,95,1,2020-05-03
ES,103,11,2020-05-03
GO,25,0,2020-05-03
MA,188,12,2020-05-03
MG,96,1,2020-05-03
MS,6,1,2020-05-03
MT,4,0,2020-05-03
PA,193,11,2020-05-03
PB,50,3,2020-05-03
PE,496,24,2020-05-03
PI,55,0,2020-05-03
PR,22,3,2020-05-03
RJ,594,49,2020-05-03
RN,29,1,2020-05-03
RO,52,1,2020-05-03
RR,14,0,2020-05-03
RS,24,2,2020-05-03
SC,175,0,2020-05-03
SE,129,0,2020-05-03
SP,603,41,2020-05-03
TO,21,2,2020-05-03
AC,76,3,2020-05-04
AL,97,8,2020-05-04
AM,630,37,2020-05-04
AP,251,6,2020-05-04
BA,167,13,2020-05-04
CE,2623,36,2020-05-04
DF,54,0,2020-05-04
ES,138,9,2020-05-04
GO,12,0,2020-05-04
MA,304,22,2020-05-04
MG,222,1,2020-05-04
MS,2,0,2020-05-04
MT,7,1,2020-05-04
PA,343,27,2020-05-04
PB,142,6,2020-05-04
PE,221,40,2020-05-04
PI,93,1,2020-05-04
PR,48,1,2020-05-04
RJ,582,46,2020-05-04
RN,115,6,2020-05-04
RO,51,1,2020-05-04
RR,45,4,2020-05-04
RS,78,9,2020-05-04
SC,126,3,2020-05-04
SE,46,3,2020-05-04
SP,415,27,2020-05-04
TO,36,1,2020-05-04
AC,84,1,2020-05-05
AL,68,8,2020-05-05
AM,867,65,2020-05-05
AP,198,6,2020-05-05
BA,305,5,2020-05-05
CE,432,83,2020-05-05
DF,37,1,2020-05-05
ES,177,10,2020-05-05
GO,62,5,2020-05-05
MA,512,20,2020-05-05
MG,105,4,2020-05-05
MS,9,0,2020-05-05
MT,21,0,2020-05-05
PA,494,31,2020-05-05
PB,132,7,2020-05-05
PE,0,0,2020-05-05
PI,75,1,2020-05-05
PR,29,5,2020-05-05
RJ,670,58,2020-05-05
RN,112,5,2020-05-05
RO,108,4,2020-05-05
RR,280,0,2020-05-05
RS,252,7,2020-05-05
SC,178,3,2020-05-05
SE,126,4,2020-05-05
SP,1870,198,2020-05-05
TO,48,2,2020-05-05
AC,127,6,2020-05-06
AL,98,9,2020-05-06
AM,1134,102,2020-05-06
AP,115,1,2020-05-06
BA,261,14,2020-05-06
CE,856,54,2020-05-06
DF,186,1,2020-05-06
ES,166,13,2020-05-06
GO,0,0,2020-05-06
MA,363,14,2020-05-06
MG,154,3,2020-05-06
MS,5,0,2020-05-06
MT,18,0,2020-05-06
PA,769,35,2020-05-06
PB,164,9,2020-05-06
PE,0,0,2020-05-06
PI,104,5,2020-05-06
PR,39,2,2020-05-06
RJ,905,82,2020-05-06
RN,98,5,2020-05-06
RO,83,4,2020-05-06
RR,63,2,2020-05-06
RS,83,7,2020-05-06
SC,122,1,2020-05-06
SE,100,2,2020-05-06
SP,3804,197,2020-05-06
TO,73,0,2020-05-06
AC,72,1,2020-05-07
AL,164,9,2020-05-07
AM,856,55,2020-05-07
AP,153,5,2020-05-07
BA,227,5,2020-05-07
CE,1600,53,2020-05-07
DF,185,0,2020-05-07
ES,272,11,2020-05-07
GO,135,10,2020-05-07
MA,520,26,2020-05-07
MG,156,9,2020-05-07
MS,23,0,2020-05-07
MT,32,1,2020-05-07
PA,412,79,2020-05-07
PB,193,10,2020-05-07
PE,1959,154,2020-05-07
PI,80,2,2020-05-07
PR,31,3,2020-05-07
RJ,861,189,2020-05-07
RN,0,0,2020-05-07
RO,158,4,2020-05-07
RR,88,1,2020-05-07
RS,83,1,2020-05-07
SC,173,4,2020-05-07
SE,216,2,2020-05-07
SP,2113,162,2020-05-07
TO,72,0,2020-05-07
AC,163,2,2020-05-08
AL,166,10,2020-05-08
AM,628,68,2020-05-08
AP,123,5,2020-05-08
BA,291,19,2020-05-08
CE,1237,94,2020-05-08
DF,139,1,2020-05-08
ES,240,8,2020-05-08
GO,46,6,2020-05-08
MA,858,27,2020-05-08
MG,174,5,2020-05-08
MS,15,1,2020-05-08
MT,44,1,2020-05-08
PA,585,86,2020-05-08
PB,183,3,2020-05-08
PE,0,0,2020-05-08
PI,103,1,2020-05-08
PR,55,2,2020-05-08
RJ,1604,109,2020-05-08
RN,178,11,2020-05-08
RO,126,2,2020-05-08
RR,105,2,2020-05-08
RS,312,4,2020-05-08
SC,127,0,2020-05-08
SE,224,3,2020-05-08
SP,1954,211,2020-05-08
TO,79,0,2020-05-08
AC,159,2,2020-05-09
AL,137,6,2020-05-09
AM,1198,88,2020-05-09
AP,171,3,2020-05-09
BA,354,13,2020-05-09
CE,694,68,2020-05-09
DF,133,2,2020-05-09
ES,165,7,2020-05-09
GO,0,0,2020-05-09
MA,841,25,2020-05-09
MG,180,7,2020-05-09
MS,20,0,2020-05-09
MT,38,1,2020-05-09
PA,499,36,2020-05-09
PB,126,10,2020-05-09
PE,1647,128,2020-05-09
PI,52,4,2020-05-09
PR,75,1,2020-05-09
RJ,1193,151,2020-05-09
RN,0,0,2020-05-09
RO,48,2,2020-05-09
RR,73,2,2020-05-09
RS,51,2,2020-05-09
SC,170,1,2020-05-09
SE,150,5,2020-05-09
SP,2578,192,2020-05-09
TO,116,2,2020-05-09
AC,112,1,2020-05-10
AL,87,11,2020-05-10
AM,674,42,2020-05-10
AP,120,3,2020-05-10
BA,396,6,2020-05-10
CE,768,53,2020-05-10
DF,114,3,2020-05-10
ES,186,10,2020-05-10
GO,0,0,2020-05-10
MA,551,20,2020-05-10
MG,113,1,2020-05-10
MS,16,0,2020-05-10
MT,16,2,2020-05-10
PA,330,62,2020-05-10
PB,185,11,2020-05-10
PE,805,75,2020-05-10
PI,55,3,2020-05-10
PR,51,2,2020-05-10
RJ,323,61,2020-05-10
RN,11,0,2020-05-10
RO,39,2,2020-05-10
RR,88,3,2020-05-10
RS,34,3,2020-05-10
SC,64,1,2020-05-10
SE,183,1,2020-05-10
SP,1037,101,2020-05-10
TO,61,1,2020-05-10
AC,13,3,2020-05-11
AL,86,12,2020-05-11
AM,320,31,2020-05-11
AP,58,1,2020-05-11
BA,253,12,2020-05-11
CE,924,75,2020-05-11
DF,107,2,2020-05-11
ES,216,15,2020-05-11
GO,65,1,2020-05-11
MA,397,24,2020-05-11
MG,79,2,2020-05-11
MS,23,0,2020-05-11
MT,26,1,2020-05-11
PA,722,139,2020-05-11
PB,184,4,2020-05-11
PE,491,40,2020-05-11
PI,114,4,2020-05-11
PR,14,2,2020-05-11
RJ,877,56,2020-05-11
RN,122,9,2020-05-11
RO,96,4,2020-05-11
RR,5,2,2020-05-11
RS,232,5,2020-05-11
SC,99,4,2020-05-11
SE,30,4,2020-05-11
SP,688,35,2020-05-11
TO,82,2,2020-05-11
AC,130,7,2020-05-12
AL,233,12,2020-05-12
AM,1249,63,2020-05-12
AP,239,13,2020-05-12
BA,406,11,2020-05-12
CE,808,91,2020-05-12
DF,162,2,2020-05-12
ES,263,16,2020-05-12
GO,17,3,2020-05-12
MA,592,21,2020-05-12
MG,113,6,2020-05-12
MS,20,1,2020-05-12
MT,57,1,2020-05-12
PA,990,103,2020-05-12
PB,252,15,2020-05-12
PE,542,71,2020-05-12
PI,169,8,2020-05-12
PR,57,2,2020-05-12
RJ,546,158,2020-05-12
RN,334,11,2020-05-12
RO,63,3,2020-05-12
RR,135,6,2020-05-12
RS,109,6,2020-05-12
SC,208,4,2020-05-12
SE,232,0,2020-05-12
SP,1591,207,2020-05-12
TO,107,7,2020-05-12
AC,104,1,2020-05-13
AL,182,14,2020-05-13
AM,1648,62,2020-05-13
AP,95,8,2020-05-13
BA,342,11,2020-05-13
CE,706,109,2020-05-13
DF,167,2,2020-05-13
ES,311,21,2020-05-13
GO,128,10,2020-05-13
MA,691,26,2020-05-13
MG,295,8,2020-05-13
MS,25,1,2020-05-13
MT,68,1,2020-05-13
PA,1285,108,2020-05-13
PB,268,3,2020-05-13
PE,592,68,2020-05-13
PI,172,3,2020-05-13
PR,91,4,2020-05-13
RJ,242,122,2020-05-13
RN,170,12,2020-05-13
RO,154,0,2020-05-13
RR,19,1,2020-05-13
RS,81,9,2020-05-13
SC,96,0,2020-05-13
SE,237,5,2020-05-13
SP,3390,169,2020-05-13
TO,97,2,2020-05-13
AC,47,3,2020-05-14
AL,211,13,2020-05-14
AM,1413,79,2020-05-14
AP,423,7,2020-05-14
BA,412,27,2020-05-14
CE,1851,24,2020-05-14
DF,173,3,2020-05-14
ES,405,16,2020-05-14
GO,246,6,2020-05-14
MA,941,26,2020-05-14
MG,227,4,2020-05-14
MS,22,1,2020-05-14
MT,59,3,2020-05-14
PA,1136,73,2020-05-14
PB,316,3,2020-05-14
PE,689,74,2020-05-14
PI,128,0,2020-05-14
PR,69,2,2020-05-14
RJ,739,199,2020-05-14
RN,249,5,2020-05-14
RO,75,6,2020-05-14
RR,87,8,2020-05-14
RS,104,6,2020-05-14
SC,506,5,2020-05-14
SE,227,5,2020-05-14
SP,3208,198,2020-05-14
TO,151,1,2020-05-14
AC,49,2,2020-05-15
AL,240,10,2020-05-15
AM,1212,96,2020-05-15
AP,202,2,2020-05-15
BA,1022,19,2020-05-15
CE,1912,155,2020-05-15
DF,319,4,2020-05-15
ES,375,11,2020-05-15
GO,149,1,2020-05-15
MA,854,28,2020-05-15
MG,256,7,2020-05-15
MS,27,0,2020-05-15
MT,58,1,2020-05-15
PA,1165,80,2020-05-15
PB,378,10,2020-05-15
PE,622,83,2020-05-15
PI,182,5,2020-05-15
PR,77,2,2020-05-15
RJ,520,191,2020-05-15
RN,0,0,2020-05-15
RO,113,6,2020-05-15
RR,88,3,2020-05-15
RS,594,6,2020-05-15
SC,237,1,2020-05-15
SE,375,3,2020-05-15
SP,4094,186,2020-05-15
TO,100,3,2020-05-15
AC,84,2,2020-05-16
AL,374,12,2020-05-16
AM,1285,44,2020-05-16
AP,204,5,2020-05-16
BA,460,5,2020-05-16
CE,671,50,2020-05-16
DF,309,1,2020-05-16
ES,393,11,2020-05-16
GO,51,2,2020-05-16
MA,901,25,2020-05-16
MG,278,4,2020-05-16
MS,29,1,2020-05-16
MT,65,1,2020-05-16
PA,826,48,2020-05-16
PB,325,13,2020-05-16
PE,2278,80,2020-05-16
PI,169,7,2020-05-16
PR,103,2,2020-05-16
RJ,1614,176,2020-05-16
RN,220,14,2020-05-16
RO,125,7,2020-05-16
RR,115,9,2020-05-16
RS,42,6,2020-05-16
SC,124,3,2020-05-16
SE,268,3,2020-05-16
SP,2814,187,2020-05-16
TO,0,0,2020-05-16
AC,133,3,2020-05-17
AL,237,11,2020-05-17
AM,651,38,2020-05-17
AP,118,11,2020-05-17
BA,154,9,2020-05-17
CE,465,27,2020-05-17
DF,218,2,2020-05-17
ES,152,14,2020-05-17
GO,40,1,2020-05-17
MA,748,27,2020-05-17
MG,136,7,2020-05-17
MS,62,0,2020-05-17
MT,43,0,2020-05-17
PA,737,57,2020-05-17
PB,284,11,2020-05-17
PE,962,55,2020-05-17
PI,43,8,2020-05-17
PR,44,1,2020-05-17
RJ,638,102,2020-05-17
RN,138,3,2020-05-17
RO,47,5,2020-05-17
RR,85,2,2020-05-17
RS,14,6,2020-05-17
SC,97,2,2020-05-17
SE,211,4,2020-05-17
SP,1170,94,2020-05-17
TO,217,5,2020-05-17
AC,240,5,2020-05-18
AL,214,11,2020-05-18
AM,586,20,2020-05-18
AP,71,8,2020-05-18
BA,140,17,2020-05-18
CE,2069,107,2020-05-18
DF,204,5,2020-05-18
ES,409,16,2020-05-18
GO,90,3,2020-05-18
MA,968,28,2020-05-18
MG,85,5,2020-05-18
MS,43,1,2020-05-18
MT,40,3,2020-05-18
PA,1266,112,2020-05-18
PB,440,13,2020-05-18
PE,643,123,2020-05-18
PI,155,5,2020-05-18
PR,74,3,2020-05-18
RJ,4430,137,2020-05-18
RN,347,21,2020-05-18
RO,84,9,2020-05-18
RR,91,9,2020-05-18
RS,15,7,2020-05-18
SC,404,2,2020-05-18
SE,224,2,2020-05-18
SP,723,42,2020-05-18
TO,153,6,2020-05-18
AC,248,6,2020-05-19
AL,287,14,2020-05-19
AM,1219,58,2020-05-19
AP,287,9,2020-05-19
BA,87,14,2020-05-19
CE,1292,110,2020-05-19
DF,216,6,2020-05-19
ES,530,23,2020-05-19
GO,102,0,2020-05-19
MA,916,30,2020-05-19
MG,285,6,2020-05-19
MS,29,0,2020-05-19
MT,65,2,2020-05-19
PA,0,0,2020-05-19
PB,514,12,2020-05-19
PE,1148,101,2020-05-19
PI,197,2,2020-05-19
PR,120,3,2020-05-19
RJ,1143,229,2020-05-19
RN,315,10,2020-05-19
RO,370,5,2020-05-19
RR,106,4,2020-05-19
RS,51,9,2020-05-19
SC,240,6,2020-05-19
SE,401,4,2020-05-19
SP,2934,326,2020-05-19
TO,164,4,2020-05-19
AC,0,0,2020-05-20
AL,122,18,2020-05-20
AM,1572,70,2020-05-20
AP,239,6,2020-05-20
BA,190,36,2020-05-20
CE,2311,48,2020-05-20
DF,384,5,2020-05-20
ES,778,20,2020-05-20
GO,169,6,2020-05-20
MA,945,29,2020-05-20
MG,308,10,2020-05-20
MS,52,1,2020-05-20
MT,85,0,2020-05-20
PA,3463,385,2020-05-20
PB,541,11,2020-05-20
PE,1317,93,2020-05-20
PI,222,4,2020-05-20
PR,136,7,2020-05-20
RJ,2573,159,2020-05-20
RN,265,8,2020-05-20
RO,87,2,2020-05-20
RR,0,0,2020-05-20
RS,1216,1,2020-05-20
SC,85,3,2020-05-20
SE,310,6,2020-05-20
SP,3898,216,2020-05-20
TO,174,5,2020-05-20
AC,621,5,2020-05-21
AL,480,11,2020-05-21
AM,1663,59,2020-05-21
AP,639,9,2020-05-21
BA,1814,14,2020-05-21
CE,836,264,2020-05-21
DF,234,6,2020-05-21
ES,381,17,2020-05-21
GO,108,7,2020-05-21
MA,1154,30,2020-05-21
MG,316,14,2020-05-21
MS,60,0,2020-05-21
MT,94,2,2020-05-21
PA,1603,115,2020-05-21
PB,401,15,2020-05-21
PE,1348,91,2020-05-21
PI,222,2,2020-05-21
PR,194,4,2020-05-21
RJ,1718,175,2020-05-21
RN,191,3,2020-05-21
RO,0,0,2020-05-21
RR,0,0,2020-05-21
RS,514,5,2020-05-21
SC,112,4,2020-05-21
SE,459,7,2020-05-21
SP,3889,196,2020-05-21
TO,232,2,2020-05-21
AC,240,2,2020-05-22
AL,388,18,2020-05-22
AM,1671,49,2020-05-22
AP,467,6,2020-05-22
BA,453,23,2020-05-22
CE,3205,92,2020-05-22
DF,380,5,2020-05-22
ES,641,34,2020-05-22
GO,192,11,2020-05-22
MA,1555,30,2020-05-22
MG,394,10,2020-05-22
MS,60,0,2020-05-22
MT,84,3,2020-05-22
PA,2165,110,2020-05-22
PB,644,3,2020-05-22
PE,1844,130,2020-05-22
PI,184,6,2020-05-22
PR,129,5,2020-05-22
RJ,1500,245,2020-05-22
RN,351,3,2020-05-22
RO,275,16,2020-05-22
RR,332,12,2020-05-22
RS,452,6,2020-05-22
SC,880,2,2020-05-22
SE,191,6,2020-05-22
SP,3145,217,2020-05-22
TO,228,2,2020-05-22
AC,528,7,2020-05-23
AL,328,21,2020-05-23
AM,1764,75,2020-05-23
AP,0,0,2020-05-23
BA,1740,14,2020-05-23
CE,444,59,2020-05-23
DF,268,5,2020-05-23
ES,399,21,2020-05-23
GO,96,1,2020-05-23
MA,2424,32,2020-05-23
MG,333,16,2020-05-23
MS,76,0,2020-05-23
MT,88,0,2020-05-23
PA,1428,147,2020-05-23
PB,626,10,2020-05-23
PE,1025,88,2020-05-23
PI,133,8,2020-05-23
PR,161,4,2020-05-23
RJ,944,248,2020-05-23
RN,0,0,2020-05-23
RO,335,9,2020-05-23
RR,143,0,2020-05-23
RS,419,4,2020-05-23
SC,295,3,2020-05-23
SE,210,4,2020-05-23
SP,3701,272,2020-05-23
TO,0,0,2020-05-23
AC,293,5,2020-05-24
AL,585,15,2020-05-24
AM,1065,14,2020-05-24
AP,698,6,2020-05-24
BA,855,47,2020-05-24
CE,420,17,2020-05-24
DF,297,9,2020-05-24
ES,91,30,2020-05-24
GO,54,0,2020-05-24
MA,1598,30,2020-05-24
MG,353,9,2020-05-24
MS,175,0,2020-05-24
MT,101,3,2020-05-24
PA,690,140,2020-05-24
PB,395,14,2020-05-24
PE,971,56,2020-05-24
PI,161,4,2020-05-24
PR,114,3,2020-05-24
RJ,3379,88,2020-05-24
RN,183,28,2020-05-24
RO,98,6,2020-05-24
RR,2,12,2020-05-24
RS,134,4,2020-05-24
SC,105,2,2020-05-24
SE,183,7,2020-05-24
SP,1602,118,2020-05-24
TO,0,0,2020-05-24
AC,342,5,2020-05-25
AL,472,21,2020-05-25
AM,475,25,2020-05-25
AP,231,5,2020-05-25
BA,414,17,2020-05-25
CE,564,170,2020-05-25
DF,295,8,2020-05-25
ES,354,18,2020-05-25
GO,40,1,2020-05-25
MA,1514,33,2020-05-25
MG,289,4,2020-05-25
MS,81,0,2020-05-25
MT,128,2,2020-05-25
PA,2551,139,2020-05-25
PB,204,7,2020-05-25
PE,606,47,2020-05-25
PI,174,9,2020-05-25
PR,120,3,2020-05-25
RJ,1398,113,2020-05-25
RN,697,8,2020-05-25
RO,63,0,2020-05-25
RR,125,2,2020-05-25
RS,91,17,2020-05-25
SC,228,4,2020-05-25
SE,135,10,2020-05-25
SP,1466,57,2020-05-25
TO,2090,35,2020-05-25
AC,287,8,2020-05-26
AL,374,15,2020-05-26
AM,1667,71,2020-05-26
AP,383,5,2020-05-26
BA,373,18,2020-05-26
CE,796,111,2020-05-26
DF,254,8,2020-05-26
ES,517,22,2020-05-26
GO,195,9,2020-05-26
MA,1887,36,2020-05-26
MG,555,4,2020-05-26
MS,87,1,2020-05-26
MT,149,1,2020-05-26
PA,2516,89,2020-05-26
PB,903,7,2020-05-26
PE,488,80,2020-05-26
PI,250,15,2020-05-26
PR,183,3,2020-05-26
RJ,1171,256,2020-05-26
RN,157,22,2020-05-26
RO,230,12,2020-05-26
RR,91,18,2020-05-26
RS,226,6,2020-05-26
SC,234,12,2020-05-26
SE,288,13,2020-05-26
SP,2396,204,2020-05-26
TO,2168,36,2020-05-26
AC,470,8,2020-05-27
AL,519,16,2020-05-27
AM,1559,39,2020-05-27
AP,652,10,2020-05-27
BA,561,35,2020-05-27
CE,253,72,2020-05-27
DF,528,9,2020-05-27
ES,585,24,2020-05-27
GO,205,4,2020-05-27
MA,1834,34,2020-05-27
MG,501,5,2020-05-27
MS,79,0,2020-05-27
MT,165,4,2020-05-27
PA,1789,80,2020-05-27
PB,1291,12,2020-05-27
PE,1064,140,2020-05-27
PI,281,4,2020-05-27
PR,200,3,2020-05-27
RJ,2395,244,2020-05-27
RN,0,0,2020-05-27
RO,369,4,2020-05-27
RR,272,0,2020-05-27
RS,265,6,2020-05-27
SC,365,5,2020-05-27
SE,178,11,2020-05-27
SP,3470,290,2020-05-27
TO,0,0,2020-05-27
AC,349,9,2020-05-28
AL,481,17,2020-05-28
AM,2638,73,2020-05-28
AP,533,15,2020-05-28
BA,728,39,2020-05-28
CE,539,64,2020-05-28
DF,511,9,2020-05-28
ES,692,28,2020-05-28
GO,198,8,2020-05-28
MA,2516,24,2020-05-28
MG,674,11,2020-05-28
MS,97,0,2020-05-28
MT,172,7,2020-05-28
PA,3461,165,2020-05-28
PB,1065,20,2020-05-28
PE,796,97,2020-05-28
PI,263,8,2020-05-28
PR,274,7,2020-05-28
RJ,2497,251,2020-05-28
RN,834,26,2020-05-28
RO,391,5,2020-05-28
RR,137,6,2020-05-28
RS,1186,4,2020-05-28
SC,642,5,2020-05-28
SE,244,8,2020-05-28
SP,6389,270,2020-05-28
TO,419,4,2020-05-28
AC,241,13,2020-05-29
AL,563,21,2020-05-29
AM,2763,47,2020-05-29
AP,317,9,2020-05-29
BA,878,40,2020-05-29
CE,562,128,2020-05-29
DF,387,10,2020-05-29
ES,697,22,2020-05-29
GO,430,4,2020-05-29
MA,2141,21,2020-05-29
MG,544,3,2020-05-29
MS,62,1,2020-05-29
MT,177,3,2020-05-29
PA,2164,115,2020-05-29
PB,912,9,2020-05-29
PE,1540,104,2020-05-29
PI,247,11,2020-05-29
PR,252,4,2020-05-29
RJ,3068,223,2020-05-29
RN,931,37,2020-05-29
RO,250,4,2020-05-29
RR,202,4,2020-05-29
RS,610,4,2020-05-29
SC,525,3,2020-05-29
SE,306,7,2020-05-29
SP,5691,297,2020-05-29
TO,335,2,2020-05-29
AC,231,7,2020-05-30
AL,598,18,2020-05-30
AM,1651,36,2020-05-30
AP,844,8,2020-05-30
BA,819,29,2020-05-30
CE,9484,98,2020-05-30
DF,661,7,2020-05-30
ES,532,23,2020-05-30
GO,164,5,2020-05-30
MA,2022,23,2020-05-30
MG,399,6,2020-05-30
MS,73,1,2020-05-30
MT,152,1,2020-05-30
PA,563,47,2020-05-30
PB,857,19,2020-05-30
PE,1173,72,2020-05-30
PI,186,4,2020-05-30
PR,239,8,2020-05-30
RJ,4529,199,2020-05-30
RN,0,0,2020-05-30
RO,241,6,2020-05-30
RR,170,6,2020-05-30
RS,400,2,2020-05-30
SC,297,2,2020-05-30
SE,343,7,2020-05-30
SP,5587,263,2020-05-30
TO,371,1,2020-05-30
AC,147,6,2020-05-31
AL,1066,19,2020-05-31
AM,818,5,2020-05-31
AP,289,7,2020-05-31
BA,808,29,2020-05-31
CE,666,55,2020-05-31
DF,269,8,2020-05-31
ES,252,21,2020-05-31
GO,117,0,2020-05-31
MA,667,21,2020-05-31
MG,783,8,2020-05-31
MS,79,0,2020-05-31
MT,75,5,2020-05-31
PA,102,3,2020-05-31
PB,301,14,2020-05-31
PE,1025,68,2020-05-31
PI,189,7,2020-05-31
PR,214,1,2020-05-31
RJ,971,67,2020-05-31
RN,607,18,2020-05-31
RO,200,5,2020-05-31
RR,214,0,2020-05-31
RS,91,6,2020-05-31
SC,258,7,2020-05-31
SE,196,9,2020-05-31
SP,2581,83,2020-05-31
TO,199,2,2020-05-31
AC,107,13,2020-06-01
AL,547,18,2020-06-01
AM,396,19,2020-06-01
AP,288,6,2020-06-01
BA,595,34,2020-06-01
CE,2025,181,2020-06-01
DF,679,3,2020-06-01
ES,591,24,2020-06-01
GO,292,3,2020-06-01
MA,1328,21,2020-06-01
MG,255,7,2020-06-01
MS,79,0,2020-06-01
MT,152,4,2020-06-01
PA,2053,96,2020-06-01
PB,537,10,2020-06-01
PE,450,68,2020-06-01
PI,387,12,2020-06-01
PR,148,9,2020-06-01
RJ,1145,118,2020-06-01
RN,222,20,2020-06-01
RO,0,0,2020-06-01
RR,157,4,2020-06-01
RS,183,8,2020-06-01
SC,461,4,2020-06-01
SE,235,8,2020-06-01
SP,1609,53,2020-06-01
TO,174,3,2020-06-01
AC,141,4,2020-06-02
AL,753,21,2020-06-02
AM,1421,31,2020-06-02
AP,621,9,2020-06-02
BA,2306,34,2020-06-02
CE,4105,317,2020-06-02
DF,688,3,2020-06-02
ES,858,36,2020-06-02
GO,480,28,2020-06-02
MA,1569,31,2020-06-02
MG,267,11,2020-06-02
MS,156,0,2020-06-02
MT,176,8,2020-06-02
PA,3638,125,2020-06-02
PB,1164,9,2020-06-02
PE,608,59,2020-06-02
PI,326,12,2020-06-02
PR,329,10,2020-06-02
RJ,2594,224,2020-06-02
RN,917,27,2020-06-02
RO,535,16,2020-06-02
RR,292,4,2020-06-02
RS,428,13,2020-06-02
SC,233,2,2020-06-02
SE,324,6,2020-06-02
SP,7002,327,2020-06-02
TO,141,3,2020-06-02
AC,215,7,2020-06-03
AL,848,24,2020-06-03
AM,1152,36,2020-06-03
AP,596,10,2020-06-03
BA,957,27,2020-06-03
CE,1224,103,2020-06-03
DF,707,13,2020-06-03
ES,966,34,2020-06-03
GO,228,4,2020-06-03
MA,2460,34,2020-06-03
MG,1061,17,2020-06-03
MS,125,0,2020-06-03
MT,213,4,2020-06-03
PA,2821,102,2020-06-03
PB,1161,38,2020-06-03
PE,952,78,2020-06-03
PI,237,10,2020-06-03
PR,333,6,2020-06-03
RJ,2520,324,2020-06-03
RN,131,10,2020-06-03
RO,237,8,2020-06-03
RR,0,0,2020-06-03
RS,480,13,2020-06-03
SC,290,5,2020-06-03
SE,435,8,2020-06-03
SP,5197,285,2020-06-03
TO,216,3,2020-06-03
AC,0,0,2020-06-04
AL,696,25,2020-06-04
AM,2126,20,2020-06-04
AP,444,7,2020-06-04
BA,1121,28,2020-06-04
CE,3754,210,2020-06-04
DF,817,5,2020-06-04
ES,770,38,2020-06-04
GO,403,5,2020-06-04
MA,2684,33,2020-06-04
MG,1033,16,2020-06-04
MS,74,1,2020-06-04
MT,357,5,2020-06-04
PA,3001,248,2020-06-04
PB,1564,24,2020-06-04
PE,1041,120,2020-06-04
PI,657,15,2020-06-04
PR,326,10,2020-06-04
RJ,1693,317,2020-06-04
RN,158,8,2020-06-04
RO,745,14,2020-06-04
RR,677,15,2020-06-04
RS,614,7,2020-06-04
SC,496,5,2020-06-04
SE,215,6,2020-06-04
SP,5719,287,2020-06-04
TO,0,0,2020-06-04
AC,7284,190,2020-06-05
AL,841,26,2020-06-05
AM,1193,41,2020-06-05
AP,776,6,2020-06-05
BA,2910,29,2020-06-05
CE,2191,94,2020-06-05
DF,1166,5,2020-06-05
ES,1212,44,2020-06-05
GO,512,3,2020-06-05
MA,2165,37,2020-06-05
MG,963,19,2020-06-05
MS,135,0,2020-06-05
MT,202,7,2020-06-05
PA,4389,176,2020-06-05
PB,1002,13,2020-06-05
PE,1004,72,2020-06-05
PI,391,7,2020-06-05
PR,527,13,2020-06-05
RJ,2135,147,2020-06-05
RN,10,23,2020-06-05
RO,404,19,2020-06-05
RR,399,0,2020-06-05
RS,576,11,2020-06-05
SC,357,3,2020-06-05
SE,379,12,2020-06-05
SP,5369,282,2020-06-05
TO,487,7,2020-06-05
AC,241,11,2020-06-06
AL,1760,43,2020-06-06
AM,1119,33,2020-06-06
AP,0,0,2020-06-06
BA,1123,27,2020-06-06
CE,1424,59,2020-06-06
DF,1466,6,2020-06-06
ES,838,25,2020-06-06
GO,174,5,2020-06-06
MA,2164,38,2020-06-06
MG,964,23,2020-06-06
MS,124,0,2020-06-06
MT,195,11,2020-06-06
PA,0,0,2020-06-06
PB,1209,16,2020-06-06
PE,837,66,2020-06-06
PI,374,15,2020-06-06
PR,260,6,2020-06-06
RJ,1471,171,2020-06-06
RN,0,0,2020-06-06
RO,839,16,2020-06-06
RR,285,3,2020-06-06
RS,454,7,2020-06-06
SC,438,7,2020-06-06
SE,397,10,2020-06-06
SP,5986,216,2020-06-06
TO,325,7,2020-06-06
AC,459,6,2020-06-07
AL,646,21,2020-06-07
AM,484,18,2020-06-07
AP,718,12,2020-06-07
BA,946,33,2020-06-07
CE,714,18,2020-06-07
DF,685,4,2020-06-07
ES,670,26,2020-06-07
GO,89,1,2020-06-07
MA,954,38,2020-06-07
MG,770,9,2020-06-07
MS,73,1,2020-06-07
MT,244,12,2020-06-07
PA,411,13,2020-06-07
PB,529,17,2020-06-07
PE,878,33,2020-06-07
PI,160,15,2020-06-07
PR,293,5,2020-06-07
RJ,3229,77,2020-06-07
RN,1440,21,2020-06-07
RO,411,7,2020-06-07
RR,239,3,2020-06-07
RS,99,3,2020-06-07
SC,281,6,2020-06-07
SE,319,9,2020-06-07
SP,2542,90,2020-06-07
TO,146,3,2020-06-07
AC,145,4,2020-06-08
AL,0,0,2020-06-08
AM,548,21,2020-06-08
AP,249,6,2020-06-08
BA,0,0,2020-06-08
CE,1917,212,2020-06-08
DF,291,9,2020-06-08
ES,1038,40,2020-06-08
GO,449,0,2020-06-08
MA,905,39,2020-06-08
MG,184,4,2020-06-08
MS,131,0,2020-06-08
MT,209,13,2020-06-08
PA,3299,157,2020-06-08
PB,649,23,2020-06-08
PE,465,45,2020-06-08
PI,312,11,2020-06-08
PR,134,6,2020-06-08
RJ,1819,74,2020-06-08
RN,138,30,2020-06-08
RO,520,10,2020-06-08
RR,282,23,2020-06-08
RS,121,5,2020-06-08
SC,175,6,2020-06-08
SE,439,17,2020-06-08
SP,1521,43,2020-06-08
TO,408,15,2020-06-08
AC,330,12,2020-06-09
AL,852,18,2020-06-09
AM,1417,44,2020-06-09
AP,477,7,2020-06-09
BA,1959,58,2020-06-09
CE,2798,169,2020-06-09
DF,1038,9,2020-06-09
ES,1299,33,2020-06-09
GO,641,11,2020-06-09
MA,2708,38,2020-06-09
MG,234,17,2020-06-09
MS,145,2,2020-06-09
MT,255,14,2020-06-09
PA,3066,65,2020-06-09
PB,1517,27,2020-06-09
PE,309,102,2020-06-09
PI,435,18,2020-06-09
PR,287,10,2020-06-09
RJ,3487,147,2020-06-09
RN,537,28,2020-06-09
RO,0,0,2020-06-09
RR,286,14,2020-06-09
RS,558,11,2020-06-09
SC,438,2,2020-06-09
SE,400,18,2020-06-09
SP,5554,341,2020-06-09
TO,205,6,2020-06-09
AC,289,14,2020-06-10
AL,981,20,2020-06-10
AM,1615,48,2020-06-10
AP,852,4,2020-06-10
BA,1990,38,2020-06-10
CE,2926,162,2020-06-10
DF,1199,18,2020-06-10
ES,1416,33,2020-06-10
GO,444,5,2020-06-10
MA,1450,44,2020-06-10
MG,1400,9,2020-06-10
MS,265,1,2020-06-10
MT,258,11,2020-06-10
PA,2770,83,2020-06-10
PB,1586,25,2020-06-10
PE,926,76,2020-06-10
PI,470,16,2020-06-10
PR,519,22,2020-06-10
RJ,1653,211,2020-06-10
RN,1666,9,2020-06-10
RO,0,0,2020-06-10
RR,243,5,2020-06-10
RS,821,14,2020-06-10
SC,406,5,2020-06-10
SE,490,12,2020-06-10
SP,6186,341,2020-06-10
TO,276,4,2020-06-10
AC,354,8,2020-06-11
AL,1023,21,2020-06-11
AM,1140,37,2020-06-11
AP,543,14,2020-06-11
BA,1758,38,2020-06-11
CE,2721,190,2020-06-11
DF,921,18,2020-06-11
ES,1030,29,2020-06-11
GO,401,5,2020-06-11
MA,2197,48,2020-06-11
MG,885,21,2020-06-11
MS,151,3,2020-06-11
MT,323,10,2020-06-11
PA,723,53,2020-06-11
PB,1341,11,2020-06-11
PE,1057,102,2020-06-11
PI,520,18,2020-06-11
PR,627,5,2020-06-11
RJ,1713,226,2020-06-11
RN,326,19,2020-06-11
RO,1923,49,2020-06-11
RR,118,4,2020-06-11
RS,549,7,2020-06-11
SC,355,2,2020-06-11
SE,443,20,2020-06-11
SP,6205,283,2020-06-11
TO,218,4,2020-06-11
AC,204,9,2020-06-12
AL,830,20,2020-06-12
AM,1123,29,2020-06-12
AP,517,9,2020-06-12
BA,883,26,2020-06-12
CE,1110,108,2020-06-12
DF,793,6,2020-06-12
ES,1073,33,2020-06-12
GO,156,13,2020-06-12
MA,1993,47,2020-06-12
MG,1671,15,2020-06-12
MS,235,0,2020-06-12
MT,303,18,2020-06-12
PA,2203,103,2020-06-12
PB,1189,40,2020-06-12
PE,879,63,2020-06-12
PI,489,18,2020-06-12
PR,248,14,2020-06-12
RJ,2122,55,2020-06-12
RN,244,18,2020-06-12
RO,682,5,2020-06-12
RR,130,5,2020-06-12
RS,220,14,2020-06-12
SC,212,5,2020-06-12
SE,481,22,2020-06-12
SP,5379,226,2020-06-12
TO,0,0,2020-06-12
AC,239,2,2020-06-13
AL,856,22,2020-06-13
AM,915,36,2020-06-13
AP,639,7,2020-06-13
BA,1055,30,2020-06-13
CE,0,0,2020-06-13
DF,505,9,2020-06-13
ES,510,29,2020-06-13
GO,15,5,2020-06-13
MA,1492,37,2020-06-13
MG,554,9,2020-06-13
MS,199,3,2020-06-13
MT,350,18,2020-06-13
PA,2128,59,2020-06-13
PB,904,13,2020-06-13
PE,797,92,2020-06-13
PI,336,25,2020-06-13
PR,531,18,2020-06-13
RJ,1456,175,2020-06-13
RN,0,0,2020-06-13
RO,411,13,2020-06-13
RR,33,3,2020-06-13
RS,246,7,2020-06-13
SC,130,2,2020-06-13
SE,1333,11,2020-06-13
SP,4978,215,2020-06-13
TO,0,0,2020-06-13
AC,108,3,2020-06-14
AL,1314,21,2020-06-14
AM,575,27,2020-06-14
AP,190,5,2020-06-14
BA,727,36,2020-06-14
CE,1044,73,2020-06-14
DF,824,11,2020-06-14
ES,457,27,2020-06-14
GO,19,5,2020-06-14
MA,1023,31,2020-06-14
MG,767,21,2020-06-14
MS,119,2,2020-06-14
MT,367,14,2020-06-14
PA,768,10,2020-06-14
PB,0,0,2020-06-14
PE,591,73,2020-06-14
PI,205,14,2020-06-14
PR,350,14,2020-06-14
RJ,756,80,2020-06-14
RN,421,20,2020-06-14
RO,261,15,2020-06-14
RR,6,3,2020-06-14
RS,38,6,2020-06-14
SC,67,2,2020-06-14
SE,1104,14,2020-06-14
SP,5328,115,2020-06-14
TO,395,8,2020-06-14
AC,130,6,2020-06-15
AL,768,24,2020-06-15
AM,271,20,2020-06-15
AP,301,5,2020-06-15
BA,1058,40,2020-06-15
CE,2640,115,2020-06-15
DF,697,12,2020-06-15
ES,1181,32,2020-06-15
GO,2484,22,2020-06-15
MA,765,32,2020-06-15
MG,350,6,2020-06-15
MS,236,3,2020-06-15
MT,283,10,2020-06-15
PA,2019,93,2020-06-15
PB,1222,33,2020-06-15
PE,245,31,2020-06-15
PI,531,19,2020-06-15
PR,134,9,2020-06-15
RJ,1374,58,2020-06-15
RN,998,32,2020-06-15
RO,0,0,2020-06-15
RR,53,13,2020-06-15
RS,784,10,2020-06-15
SC,589,4,2020-06-15
SE,1721,22,2020-06-15
SP,3259,75,2020-06-15
TO,175,4,2020-06-15
AC,233,6,2020-06-16
AL,672,25,2020-06-16
AM,1241,38,2020-06-16
AP,1211,8,2020-06-16
BA,1427,36,2020-06-16
CE,2700,194,2020-06-16
DF,1177,28,2020-06-16
ES,1372,46,2020-06-16
GO,1362,11,2020-06-16
MA,2130,38,2020-06-16
MG,311,21,2020-06-16
MS,379,0,2020-06-16
MT,486,27,2020-06-16
PA,2949,59,2020-06-16
PB,1463,15,2020-06-16
PE,921,72,2020-06-16
PI,686,6,2020-06-16
PR,841,30,2020-06-16
RJ,2513,239,2020-06-16
RN,474,41,2020-06-16
RO,1146,23,2020-06-16
RR,214,8,2020-06-16
RS,1041,14,2020-06-16
SC,454,13,2020-06-16
SE,649,13,2020-06-16
SP,8832,367,2020-06-16
TO,265,9,2020-06-16
AC,336,10,2020-06-17
AL,1234,18,2020-06-17
AM,1529,29,2020-06-17
AP,594,1,2020-06-17
BA,1619,42,2020-06-17
CE,3437,117,2020-06-17
DF,1624,15,2020-06-17
ES,0,0,2020-06-17
GO,983,7,2020-06-17
MA,2025,33,2020-06-17
MG,1334,34,2020-06-17
MS,112,3,2020-06-17
MT,479,22,2020-06-17
PA,2431,45,2020-06-17
PB,1589,25,2020-06-17
PE,1000,51,2020-06-17
PI,546,23,2020-06-17
PR,529,22,2020-06-17
RJ,3655,171,2020-06-17
RN,195,29,2020-06-17
RO,558,15,2020-06-17
RR,270,0,2020-06-17
RS,676,13,2020-06-17
SC,615,4,2020-06-17
SE,498,19,2020-06-17
SP,1235,389,2020-06-17
TO,203,3,2020-06-17
AC,325,6,2020-06-18
AL,766,19,2020-06-18
AM,1189,26,2020-06-18
AP,769,4,2020-06-18
BA,38,41,2020-06-18
CE,2517,87,2020-06-18
DF,1190,14,2020-06-18
ES,2715,91,2020-06-18
GO,899,20,2020-06-18
MA,1398,37,2020-06-18
MG,1528,32,2020-06-18
MS,394,1,2020-06-18
MT,803,21,2020-06-18
PA,3449,74,2020-06-18
PB,48,13,2020-06-18
PE,1180,47,2020-06-18
PI,470,14,2020-06-18
PR,836,20,2020-06-18
RJ,358,274,2020-06-18
RN,147,38,2020-06-18
RO,237,13,2020-06-18
RR,224,15,2020-06-18
RS,702,19,2020-06-18
SC,564,6,2020-06-18
SE,534,17,2020-06-18
SP,1115,327,2020-06-18
TO,183,7,2020-06-18
AC,323,5,2020-06-19
AL,1273,17,2020-06-19
AM,947,19,2020-06-19
AP,535,6,2020-06-19
BA,690,41,2020-06-19
CE,2311,104,2020-06-19
DF,2179,17,2020-06-19
ES,1453,44,2020-06-19
GO,883,15,2020-06-19
MA,2412,38,2020-06-19
MG,1168,30,2020-06-19
MS,324,3,2020-06-19
MT,555,27,2020-06-19
PA,2810,51,2020-06-19
PB,0,0,2020-06-19
PE,1091,45,2020-06-19
PI,1249,24,2020-06-19
PR,870,13,2020-06-19
RJ,6076,184,2020-06-19
RN,0,0,2020-06-19
RO,549,17,2020-06-19
RR,0,0,2020-06-19
RS,768,17,2020-06-19
SC,747,12,2020-06-19
SE,471,26,2020-06-19
SP,19172,386,2020-06-19
TO,0,0,2020-06-19
AC,276,5,2020-06-20
AL,792,18,2020-06-20
AM,1219,26,2020-06-20
AP,1652,5,2020-06-20
BA,2962,45,2020-06-20
CE,1957,30,2020-06-20
DF,1269,8,2020-06-20
ES,998,30,2020-06-20
GO,913,6,2020-06-20
MA,1173,39,2020-06-20
MG,1620,35,2020-06-20
MS,251,2,2020-06-20
MT,534,19,2020-06-20
PA,1774,64,2020-06-20
PB,4762,34,2020-06-20
PE,1397,46,2020-06-20
PI,452,27,2020-06-20
PR,0,0,2020-06-20
RJ,2338,230,2020-06-20
RN,0,0,2020-06-20
RO,609,18,2020-06-20
RR,0,0,2020-06-20
RS,561,7,2020-06-20
SC,776,3,2020-06-20
SE,642,23,2020-06-20
SP,4298,268,2020-06-20
TO,398,16,2020-06-20
AC,118,3,2020-06-21
AL,956,18,2020-06-21
AM,508,7,2020-06-21
AP,266,6,2020-06-21
BA,1300,41,2020-06-21
CE,486,3,2020-06-21
DF,0,0,2020-06-21
ES,628,31,2020-06-21
GO,441,11,2020-06-21
MA,387,37,2020-06-21
MG,332,22,2020-06-21
MS,0,0,2020-06-21
MT,514,29,2020-06-21
PA,1366,22,2020-06-21
PB,270,23,2020-06-21
PE,994,84,2020-06-21
PI,214,17,2020-06-21
PR,0,0,2020-06-21
RJ,627,51,2020-06-21
RN,0,0,2020-06-21
RO,229,8,2020-06-21
RR,0,0,2020-06-21
RS,210,4,2020-06-21
SC,481,9,2020-06-21
SE,537,14,2020-06-21
SP,3412,95,2020-06-21
TO,0,0,2020-06-21
